"game","language","name","setCode","reason"
"POKEMON","en","Alternate Art Promos","PR","no_official_set_art_mapping"
"POKEMON","en","Blister Exclusives","BLE","no_official_set_art_mapping"
"POKEMON","en","Burger King Promos","BKP","no_official_set_art_mapping"
"POKEMON","en","First Partner Pack","FPP","no_official_set_art_mapping"
"POKEMON","en","Miscellaneous Cards & Products","MCAP","no_official_set_art_mapping"
"POKEMON","en","Pikachu World Collection Promos","PWCP","no_official_set_art_mapping"
"POKEMON","en","Professor Program Promos","PPP","no_official_set_art_mapping"
"POKEMON","en","First Partner Collection 2026","","no_official_set_art_mapping"
"POKEMON","en","Player Placement Trainer Promos","","no_official_set_art_mapping"
"POKEMON","en","MEE: Mega Evolution Energies","MEE","no_official_set_art_mapping"
"POKEMON","en","McDonald's Promos 2024","M24","no_official_set_art_mapping"
"POKEMON","en","Battle Academy 2024","BA24","no_official_set_art_mapping"
"POKEMON","en","Trading Card Game Classic","CL","no_official_set_art_mapping"
"POKEMON","en","My First Battle","","no_official_set_art_mapping"
"POKEMON","en","McDonald's Promos 2023","M23","no_official_set_art_mapping"
"POKEMON","en","Prize Pack Series Cards","","no_official_set_art_mapping"
"POKEMON","en","Trick or Trade BOOster Bundle","TTBB","no_official_set_art_mapping"
"POKEMON","en","Battle Academy 2022","BA22","no_official_set_art_mapping"
"POKEMON","en","Battle Academy","BTA","no_official_set_art_mapping"
"POKEMON","en","World Championship Decks","WCD","no_official_set_art_mapping"
"POKEMON","en","SM Trainer Kit: Alolan Sandslash & Alolan Ninetales","SMK2","no_official_set_art_mapping"
"POKEMON","en","Ash vs Team Rocket Deck Kit (JP Exclusive)","AVTR","no_official_set_art_mapping"
"POKEMON","en","SM Trainer Kit: Lycanroc & Alolan Raichu","SMK1","no_official_set_art_mapping"
"POKEMON","en","Deck Exclusives","PR","no_official_set_art_mapping"
"POKEMON","en","League & Championship Cards","PR","no_official_set_art_mapping"
"POKEMON","en","XY Trainer Kit: Pikachu Libre & Suicune","PR","no_official_set_art_mapping"
"POKEMON","en","Jumbo Cards","PR","no_official_set_art_mapping"
"POKEMON","en","XY Trainer Kit: Bisharp & Wigglytuff","PR","no_official_set_art_mapping"
"POKEMON","en","XY Trainer Kit: Sylveon & Noivern","PR","no_official_set_art_mapping"
"POKEMON","en","BW Trainer Kit: Excadrill & Zoroark","BLW","no_official_set_art_mapping"
"POKEMON","en","HGSS Trainer Kit: Gyarados & Raichu","PR","no_official_set_art_mapping"
"POKEMON","en","Countdown Calendar Promos","CCP","no_official_set_art_mapping"
"POKEMON","en","DP Training Kit 1 Blue","PR","no_official_set_art_mapping"
"POKEMON","en","DP Training Kit 1 Gold","PR","no_official_set_art_mapping"
"POKEMON","en","DP Trainer Kit: Manaphy & Lucario","PR","no_official_set_art_mapping"
"POKEMON","en","EX Battle Stadium","BST","no_official_set_art_mapping"
"POKEMON","en","Kids WB Promos","KWBP","no_official_set_art_mapping"
"POKEMON","en","e-Reader Sample Cards","SAMPLE","no_official_set_art_mapping"
"POKEMON","ja","Pokemon Card Information Promotional cards","","no_jp_set_logo_mapping"
"POKEMON","ja","Unnumbered Promotional cards","","no_jp_set_logo_mapping"
"POKEMON","ja","Unnumbered World Championships","","no_jp_set_logo_mapping"
"POKEMON","ja","Vending Machine cards Series 1 (Blue)","","no_jp_set_logo_mapping"
"POKEMON","ja","Vending Machine cards Series 2 (Red)","","no_jp_set_logo_mapping"
"POKEMON","ja","Vending Machine cards Series 3 (Green)","","no_jp_set_logo_mapping"
"POKEMON","ja","World Hobby Fair","","no_jp_set_logo_mapping"
"POKEMON","ja","64 Mario Stadium Best Photo Contest","","no_jp_set_logo_mapping"
"POKEMON","ja","CoroCoro Promotional Cards","","no_jp_set_logo_mapping"
"POKEMON","ja","Elementary School Competition","","no_jp_set_logo_mapping"
"POKEMON","ja","How I Became a Pokemon Card","","no_jp_set_logo_mapping"
"POKEMON","ja","Limited Collection Master Battle Set","","no_jp_set_logo_mapping"
"POKEMON","ja","Pokemon Card Design Contest","","no_jp_set_logo_mapping"
"POKEMON","ja","Pokemon Card Fan Club","","no_jp_set_logo_mapping"
"POKEMON_JAPAN","en","Limited Collection Master Battle Set","","no_jp_set_logo_mapping"
"POKEMON","ja","Start Deck 100 Battle Collection","","no_jp_set_logo_mapping"
"POKEMON_JAPAN","en","Start Deck 100 Battle Collection","","no_jp_set_logo_mapping"
"POKEMON","ja","MP1: Start Deck 100 Battle Collection CoroCiao Version","MP1","no_jp_set_logo_mapping"
"POKEMON","ja","Japanese CD Promo","","no_jp_set_logo_mapping"
"POKEMON_JAPAN","en","SV: ex Starter Set Marnie's Morpeko & Grimmsnarl ex","SVOM","no_jp_set_logo_mapping"
"POKEMON_JAPAN","en","SV: ex Starter Set Steven's Beldum & Metagross ex","SVOD","no_jp_set_logo_mapping"
"POKEMON","ja","SV: ex Starter Set Marnie's Morpeko & Grimmsnarl ex","SVOM","no_jp_set_logo_mapping"
"POKEMON","ja","SV: ex Starter Set Steven's Beldum & Metagross ex","SVOD","no_jp_set_logo_mapping"
"POKEMON_JAPAN","en","SVN: Battle Partners Deck Build Box","SVN","no_jp_set_logo_mapping"
"POKEMON","ja","SVN: Battle Partners Deck Build Box","SVN","no_jp_set_logo_mapping"
"POKEMON_JAPAN","en","SV-P Promotional Cards","SV-P","no_jp_set_logo_mapping"
"POKEMON","ja","SV-P Promotional Cards","SV-P","no_jp_set_logo_mapping"
"POKEMON_JAPAN","en","SV: Ceruledge ex Stellar Tera Type Starter Set","svL","no_jp_set_logo_mapping"
"POKEMON_JAPAN","en","SV: Sylveon ex Stellar Tera Type Starter Set","svLN","no_jp_set_logo_mapping"
"POKEMON","ja","SV: Ceruledge ex Stellar Tera Type Starter Set","svL","no_jp_set_logo_mapping"
"POKEMON","ja","SV: Sylveon ex Stellar Tera Type Starter Set","svLN","no_jp_set_logo_mapping"
"POKEMON_JAPAN","en","Special Box Collections","SBC","no_jp_set_logo_mapping"
"POKEMON","ja","Special Box Collections","SBC","no_jp_set_logo_mapping"
"POKEMON","ja","SV: Stellar Miracle Deck Build Box","svK","no_jp_set_logo_mapping"
"POKEMON_JAPAN","en","SV: Terastal Charizard ex Battle Master Deck","svJL","no_jp_set_logo_mapping"
"POKEMON","ja","SV: Chien-Pao ex Battle Master Deck","svJP","no_jp_set_logo_mapping"
"POKEMON","ja","SV: Terastal Charizard ex Battle Master Deck","svJL","no_jp_set_logo_mapping"
"POKEMON_JAPAN","en","Battle Academy","svI","no_jp_set_logo_mapping"
"POKEMON","ja","SV: ex Starter Deck & Build Set","svH","no_jp_set_logo_mapping"
"POKEMON_JAPAN","en","SV: Ancient Koraidon ex Starter Deck & Build Set","svHK","no_jp_set_logo_mapping"
"POKEMON_JAPAN","en","SV: Future Miraidon ex Starter Deck & Build Set","svHM","no_jp_set_logo_mapping"
"POKEMON","ja","SV: Ancient Koraidon ex Starter Deck & Build Set","svHK","no_jp_set_logo_mapping"
"POKEMON","ja","SV: Future Miraidon ex Starter Deck & Build Set","svHM","no_jp_set_logo_mapping"
"POKEMON_JAPAN","en","SV: Venusaur, Charizard & Blastoise Special Deck Set","svG","no_jp_set_logo_mapping"
"POKEMON","ja","SV: Venusaur, Charizard & Blastoise Special Deck Set","svG","no_jp_set_logo_mapping"
"POKEMON_JAPAN","en","SV: Mewtwo ex Terastal Starter Set","svEM","no_jp_set_logo_mapping"
"POKEMON_JAPAN","en","SV: Skeledirge ex Terastal Starter Set","svEL","no_jp_set_logo_mapping"
"POKEMON","ja","SV: Mewtwo ex Terastal Starter Set","svEM","no_jp_set_logo_mapping"
"POKEMON","ja","SV: Skeledirge ex Terastal Starter Set","svEL","no_jp_set_logo_mapping"
"POKEMON_JAPAN","en","SV: Ruler of the Black Flame Deck Build Box","svF","no_jp_set_logo_mapping"
"POKEMON","ja","SV: Ruler of the Black Flame Deck Build Box","svF","no_jp_set_logo_mapping"
"POKEMON_JAPAN","en","SV: ex Starter Set Pikachu ex & Pawmot","svC","no_jp_set_logo_mapping"
"POKEMON","ja","SV: ex Starter Set Pikachu ex & Pawmot","svC","no_jp_set_logo_mapping"
"POKEMON_JAPAN","en","Triple Starter Deck Set VMAX","","no_jp_set_logo_mapping"
"POKEMON","ja","Triple Starter Deck Set VMAX","","no_jp_set_logo_mapping"
"POKEMON_JAPAN","en","Pokemon TCG Classic: Charizard","CLL","no_jp_set_logo_mapping"
"POKEMON","ja","Pokemon TCG Classic: Blastoise","CLV","no_jp_set_logo_mapping"
"POKEMON","ja","Pokemon TCG Classic: Charizard","CLL","no_jp_set_logo_mapping"
"POKEMON","ja","Pokemon TCG Classic: Venusaur","CLF","no_jp_set_logo_mapping"
"POKEMON_JAPAN","en","SV: ex Starter Set Fuecoco & Ampharos ex","svAW","no_jp_set_logo_mapping"
"POKEMON_JAPAN","en","SV: ex Starter Set Quaxly & Mimikyu ex","svAM","no_jp_set_logo_mapping"
"POKEMON_JAPAN","en","SV: ex Starter Set Sprigatito & Lucario ex","svAM","no_jp_set_logo_mapping"
"POKEMON_JAPAN","en","SV: Premium Trainer Box ex","svB","no_jp_set_logo_mapping"
"POKEMON","ja","SV: ex Starter Set Fuecoco & Ampharos ex","svAW","no_jp_set_logo_mapping"
"POKEMON","ja","SV: ex Starter Set Quaxly & Mimikyu ex","svAM","no_jp_set_logo_mapping"
"POKEMON","ja","SV: ex Starter Set Sprigatito & Lucario ex","svAM","no_jp_set_logo_mapping"
"POKEMON","ja","SV: Premium Trainer Box ex","svB","no_jp_set_logo_mapping"
"POKEMON","ja","sPD: Deoxys VSTAR & VMAX High-Class Deck","sPD","no_jp_set_logo_mapping"
"POKEMON","ja","sPZ: Zeraora VSTAR & VMAX High-Class Deck","sPZ","no_jp_set_logo_mapping"
"POKEMON_JAPAN","en","S10b: Pokemon GO","S10b","no_jp_set_logo_mapping"
"POKEMON","ja","S10b: Pokemon GO","S10b","no_jp_set_logo_mapping"
"POKEMON","ja","sN: Start Deck 100 CoroCoro Comic Version","sN","no_jp_set_logo_mapping"
"POKEMON","ja","sLD: Darkrai Starter Set VSTAR","sLD","no_jp_set_logo_mapping"
"POKEMON","ja","sLL: Lucario Starter Set VSTAR","sLL","no_jp_set_logo_mapping"
"POKEMON","ja","sK: VSTAR Premium Trainer Box","sK","no_jp_set_logo_mapping"
"POKEMON_JAPAN","en","s8a-G: 25th Anniversary Golden Box","s8a-G","no_jp_set_logo_mapping"
"POKEMON","ja","s8a-G: 25th Anniversary Golden Box","s8a-G","no_jp_set_logo_mapping"
"POKEMON","ja","sJ: Zacian & Zamazenta vs Eternatus Special Deck Set","sJ","no_jp_set_logo_mapping"
"POKEMON_JAPAN","en","s8a-P: Promo Card Pack 25th Anniversary Edition","s8a-P","no_jp_set_logo_mapping"
"POKEMON","ja","s8a-P: Promo Card Pack 25th Anniversary Edition","s8a-P","no_jp_set_logo_mapping"
"POKEMON","ja","sp5: V-UNION Special Card Sets","sp5","no_jp_set_logo_mapping"
"POKEMON","ja","SS: Gengar VMAX High-Class Deck","sGG","no_jp_set_logo_mapping"
"POKEMON","ja","SS: Inteleon VMAX High-Class Deck","sGI","no_jp_set_logo_mapping"
"POKEMON","ja","S6K: Jet-Black Spirit","S6K","no_jp_set_logo_mapping"
"POKEMON","ja","SS: Silver Lance & Jet-Black Spirit Jumbo Pack Set","sp3","no_jp_set_logo_mapping"
"POKEMON","ja","sF: Single Strike & Rapid Strike Premium Trainer Boxes","sF","no_jp_set_logo_mapping"
"POKEMON","ja","sC2: Charizard Starter Set VMAX 2","sC2","no_jp_set_logo_mapping"
"POKEMON","ja","sEF: Venusaur Starter Set VMAX","sEF","no_jp_set_logo_mapping"
"POKEMON","ja","sEK: Blastoise Starter Set VMAX","sEK","no_jp_set_logo_mapping"
"POKEMON","ja","sD: V Starter Decks","sD","no_jp_set_logo_mapping"
"POKEMON","ja","sC: Charizard Starter Set VMAX","sC","no_jp_set_logo_mapping"
"POKEMON","ja","sC: Grimmsnarl Starter Set VMAX","sC","no_jp_set_logo_mapping"
"POKEMON","ja","sp1: Zacian + Zamazenta Box","sp1","no_jp_set_logo_mapping"
"POKEMON","ja","sA: Fighting Starter Set V","sA","no_jp_set_logo_mapping"
"POKEMON","ja","sA: Fire Starter Set V","sA","no_jp_set_logo_mapping"
"POKEMON","ja","sA: Grass Starter Set V","sA","no_jp_set_logo_mapping"
"POKEMON","ja","sA: Lightning Starter Set V","sA","no_jp_set_logo_mapping"
"POKEMON","ja","sA: Water Starter Set V","sA","no_jp_set_logo_mapping"
"POKEMON","ja","BW: Extra Regulation Box","BW","no_jp_set_logo_mapping"
"POKEMON","ja","smM: Tag Team GX Starter Sets","smM","no_jp_set_logo_mapping"
"POKEMON","ja","smL: Sun & Moon Family Pokemon Card Game","smL","no_jp_set_logo_mapping"
"POKEMON","ja","smN: Tag Team GX Deck Build Box","smN","no_jp_set_logo_mapping"
"POKEMON","ja","smK: Trainer Battle Decks","smK","no_jp_set_logo_mapping"
"POKEMON","ja","smJ: Tag Team GX Premium Trainer Box","smJ","no_jp_set_logo_mapping"
"POKEMON","ja","smI: Flareon-GX, Vaporeon-GX & Jolteon-GX Starter Sets","smI","no_jp_set_logo_mapping"
"POKEMON","ja","smH: GX Starter Decks","smH","no_jp_set_logo_mapping"
"POKEMON","ja","smG: Ultra Sun & Ultra Moon Deck Build Boxes","smG","no_jp_set_logo_mapping"
"POKEMON","ja","smF: Ultra Sun & Ultra Moon Premium Trainer Box","smF","no_jp_set_logo_mapping"
"POKEMON","ja","smE: Solgaleo-GX & Lunala-GX Legendary Starter Set","smE","no_jp_set_logo_mapping"
"POKEMON","ja","smD: Ash vs Team Rocket Deck Kit","smD","no_jp_set_logo_mapping"
"POKEMON","ja","smC: Tapu Bulu-GX Enhanced Starter Set","smC","no_jp_set_logo_mapping"
"POKEMON","ja","smP1: Rockruff Full Power Deck","smP1","no_jp_set_logo_mapping"
"POKEMON","ja","smB: Premium Trainer Box","smB","no_jp_set_logo_mapping"
"POKEMON_JAPAN","en","SM0: Pikachu's New Friends","SM0","no_jp_set_logo_mapping"
"POKEMON","ja","SM0: Pikachu's New Friends","SM0","no_jp_set_logo_mapping"
"POKEMON","ja","SM-P: Sun & Moon Promos","SM-P","no_jp_set_logo_mapping"
"POKEMON","ja","XY11-Bb: Fever-Burst Fighter","XY11-Bb","no_jp_set_logo_mapping"
"POKEMON","ja","XY11-Br: Cruel Traitor","XY11-Br","no_jp_set_logo_mapping"
"POKEMON","ja","XYG: Zygarde-EX Perfect Battle Deck","XYG","no_jp_set_logo_mapping"
"POKEMON","ja","XYH: M Audino-EX Mega Battle Deck","XYH","no_jp_set_logo_mapping"
"POKEMON","ja","XYF: Golduck BREAK + Palkia-EX Combo Deck","XYF","no_jp_set_logo_mapping"
"POKEMON","ja","SNP: Noivern BREAK Evolution Pack","SNP","no_jp_set_logo_mapping"
"POKEMON","ja","SNP: Raichu BREAK Evolution Pack","SNP","no_jp_set_logo_mapping"
"POKEMON","ja","XY8-Bb: Blue Shock","XY8-Bb","no_jp_set_logo_mapping"
"POKEMON","ja","XY8-Br: Red Flash","XY8-Br","no_jp_set_logo_mapping"
"POKEMON","ja","M Master Deck Build Box Power Style","MMB","no_jp_set_logo_mapping"
"POKEMON","ja","M Master Deck Build Box Speed Style","MMB","no_jp_set_logo_mapping"
"POKEMON","ja","XYE: Emboar-EX vs Togekiss-EX Deck Kit","XYE","no_jp_set_logo_mapping"
"POKEMON","ja","XYD: M Rayquaza-EX Mega Battle Deck","XYD","no_jp_set_logo_mapping"
"POKEMON_JAPAN","en","XY5-Bg: Gaia Volcano","XY5-Bg","no_jp_set_logo_mapping"
"POKEMON_JAPAN","en","XY5-Bt: Tidal Storm","XY5-Bt","no_jp_set_logo_mapping"
"POKEMON","ja","XY5-Bg: Gaia Volcano","XY5-Bg","no_jp_set_logo_mapping"
"POKEMON","ja","XY5-Bt: Tidal Storm","XY5-Bt","no_jp_set_logo_mapping"
"POKEMON","ja","XYA: M Charizard-EX Mega Battle Deck","XYA","no_jp_set_logo_mapping"
"POKEMON","ja","Xerneas Half Deck","X30","no_jp_set_logo_mapping"
"POKEMON","ja","Yveltal Half Deck","Y30","no_jp_set_logo_mapping"
"POKEMON","ja","XY-Bx: Collection X","XY-Bx","no_jp_set_logo_mapping"
"POKEMON","ja","XY-By: Collection Y","XY-By","no_jp_set_logo_mapping"
"POKEMON","ja","XY-P: XY Promos","XY-P","no_jp_set_logo_mapping"
"POKEMON","ja","Mewtwo vs Genesect Deck Kit (Genesect)","MG","no_jp_set_logo_mapping"
"POKEMON","ja","Mewtwo vs Genesect Deck Kit (Mewtwo)","MG","no_jp_set_logo_mapping"
"POKEMON","ja","Blastoise + Kyurem-EX Combo Deck","K+K","no_jp_set_logo_mapping"
"POKEMON","ja","Everyone's Exciting Battle","WAK","no_jp_set_logo_mapping"
"POKEMON","ja","BKB: Black Kyurem-EX Battle Strength Deck","BKB","no_jp_set_logo_mapping"
"POKEMON","ja","BKW: White Kyurem-EX Battle Strength Deck","BKW","no_jp_set_logo_mapping"
"POKEMON","ja","Master Deck Build Box EX","MDB","no_jp_set_logo_mapping"
"POKEMON","ja","Team Plasma's Powered Half Deck","PPD","no_jp_set_logo_mapping"
"POKEMON","ja","Keldeo Battle Strength Deck","KLD","no_jp_set_logo_mapping"
"POKEMON","ja","Garchomp Half Deck","GBR","no_jp_set_logo_mapping"
"POKEMON","ja","Hydreigon Half Deck","SZD","no_jp_set_logo_mapping"
"POKEMON","ja","Battle Gift Set: Thundurus vs Tornadus","BGS","no_jp_set_logo_mapping"
"POKEMON","ja","BKR: Reshiram-EX Battle Strength Deck","BKR","no_jp_set_logo_mapping"
"POKEMON","ja","BKZ: Zekrom-EX Battle Strength Deck","BKZ","no_jp_set_logo_mapping"
"POKEMON","ja","Battle Theme Deck: Victini","BTV","no_jp_set_logo_mapping"
"POKEMON","ja","BK: Cobalion Battle Strength Deck","BK","no_jp_set_logo_mapping"
"POKEMON","ja","BK: Terrakion Battle Strength Deck","BK","no_jp_set_logo_mapping"
"POKEMON","ja","BK: Virizion Battle Strength Deck","BK","no_jp_set_logo_mapping"
"POKEMON","ja","BW-P Promotional cards","BW-P","no_jp_set_logo_mapping"
"POKEMON","ja","L-P: Legends Promos","L-P","no_jp_set_logo_mapping"
"POKEMON","ja","Movie Commemoration Random Pack","","no_jp_set_logo_mapping"
"POKEMON","ja","Melee! Pokemon Scramble","","no_jp_set_logo_mapping"
"POKEMON","ja","PtM: Mewtwo LV.X Collection Pack","PtM","no_jp_set_logo_mapping"
"POKEMON","ja","PtR: Regigigas LV.X Collection Pack","PtR","no_jp_set_logo_mapping"
"POKEMON","ja","PtS: Shaymin LV.X Collection Pack","PtS","no_jp_set_logo_mapping"
"POKEMON","ja","Entry Pack DPt (Dialga)","","no_jp_set_logo_mapping"
"POKEMON","ja","Entry Pack DPt (Giratina)","","no_jp_set_logo_mapping"
"POKEMON","ja","Entry Pack DPt (Palkia)","","no_jp_set_logo_mapping"
"POKEMON","ja","DPt-P Promotional cards","","no_jp_set_logo_mapping"
"POKEMON","ja","Giratina vs Dialga Deck Kit (Dialga)","","no_jp_set_logo_mapping"
"POKEMON","ja","Giratina vs Dialga Deck Kit (Giratina)","","no_jp_set_logo_mapping"
"POKEMON","ja","DP-P Promotional cards","","no_jp_set_logo_mapping"
"POKEMON","ja","DP1: Space-Time Creation","DP1","no_jp_set_logo_mapping"
"POKEMON","ja","Entry Pack","DP1","no_jp_set_logo_mapping"
"POKEMON","ja","Movie Commemoration VS Pack: Sea's Manaphy","","no_jp_set_logo_mapping"
"POKEMON","ja","Imprison! Gardevoir ex Constructed Standard Deck","","no_jp_set_logo_mapping"
"POKEMON","ja","Shockwave! Tyranitar ex Constructed Standard Deck","","no_jp_set_logo_mapping"
"POKEMON_JAPAN","en","Ocean's Kyogre ex Constructed Starter Deck","","no_jp_set_logo_mapping"
"POKEMON","ja","Earth's Groudon ex Constructed Starter Deck","","no_jp_set_logo_mapping"
"POKEMON","ja","Ocean's Kyogre ex Constructed Starter Deck","","no_jp_set_logo_mapping"
"POKEMON","ja","Trainer Prize Cards","","no_jp_set_logo_mapping"
"POKEMON","ja","Gift Box Mew - Lucario (Crawdaunt Quarter Deck)","","no_jp_set_logo_mapping"
"POKEMON","ja","Gift Box Mew - Lucario (Lucario Quarter Deck)","","no_jp_set_logo_mapping"
"POKEMON","ja","Gift Box Mew - Lucario (Mew Quarter Deck)","","no_jp_set_logo_mapping"
"POKEMON","ja","Gift Box Mew - Lucario (Mightyena Quarter Deck)","","no_jp_set_logo_mapping"
"POKEMON","ja","Gift Box Mew - Lucario (Pokemon Star)","","no_jp_set_logo_mapping"
"POKEMON","ja","Holon Research Tower Fire Quarter Deck","","no_jp_set_logo_mapping"
"POKEMON","ja","Holon Research Tower Lightning Quarter Deck","","no_jp_set_logo_mapping"
"POKEMON","ja","Holon Research Tower Water Quarter Deck","","no_jp_set_logo_mapping"
"POKEMON","ja","Movie Commemoration VS Pack: Aura's Lucario","","no_jp_set_logo_mapping"
"POKEMON","ja","Master Kit (Bulbasaur)","","no_jp_set_logo_mapping"
"POKEMON","ja","Master Kit (Side Deck)","","no_jp_set_logo_mapping"
"POKEMON","ja","Master Kit (Torchic)","","no_jp_set_logo_mapping"
"POKEMON_JAPAN","en","Mirage's Mew Constructed Starter Deck","","no_jp_set_logo_mapping"
"POKEMON","ja","Mirage's Mew Constructed Starter Deck","","no_jp_set_logo_mapping"
"POKEMON","ja","Golden Sky, Silvery Ocean","","no_jp_set_logo_mapping"
"POKEMON","ja","PokéPark Blue","","no_jp_set_logo_mapping"
"POKEMON","ja","PokePark Forest","","no_jp_set_logo_mapping"
"POKEMON","ja","Feraligatr Constructed Starter Deck","","no_jp_set_logo_mapping"
"POKEMON","ja","Meganium Constructed Starter Deck","","no_jp_set_logo_mapping"
"POKEMON","ja","Typhlosion Constructed Starter Deck","","no_jp_set_logo_mapping"
"POKEMON_JAPAN","en","Fire Quick Construction Pack","","no_jp_set_logo_mapping"
"POKEMON","ja","Fighting Quick Construction Pack","","no_jp_set_logo_mapping"
"POKEMON","ja","Fire Quick Construction Pack","","no_jp_set_logo_mapping"
"POKEMON","ja","Grass Quick Construction Pack","","no_jp_set_logo_mapping"
"POKEMON","ja","Lightning Quick Construction Pack","","no_jp_set_logo_mapping"
"POKEMON","ja","Psychic Quick Construction Pack","","no_jp_set_logo_mapping"
"POKEMON","ja","Water Quick Construction Pack","","no_jp_set_logo_mapping"
"POKEMON","ja","Emerald Gift Box (Deoxys)","","no_jp_set_logo_mapping"
"POKEMON","ja","Emerald Gift Box (Rayquaza)","","no_jp_set_logo_mapping"
"POKEMON","ja","Silver Deck Kit","","no_jp_set_logo_mapping"
"POKEMON","ja","Movie Commemoration VS Pack: Sky-Splitting Deoxys","","no_jp_set_logo_mapping"
"POKEMON","ja","Deoxys Constructed Starter Deck","","no_jp_set_logo_mapping"
"POKEMON","ja","Rayquaza Constructed Starter Deck","","no_jp_set_logo_mapping"
"POKEMON","ja","Random Constructed Starter Decks (Venusaur/Charizard/Blastoise)","","no_jp_set_logo_mapping"
"POKEMON","ja","PCG-P Promotional cards","","no_jp_set_logo_mapping"
"POKEMON","ja","Metagross Constructed Starter Deck","","no_jp_set_logo_mapping"
"POKEMON","ja","Gift Box (Latias)","","no_jp_set_logo_mapping"
"POKEMON","ja","Gift Box (Latios)","","no_jp_set_logo_mapping"
"POKEMON_JAPAN","en","Magma Deck Kit","","no_jp_set_logo_mapping"
"POKEMON","ja","Aqua Deck Kit","","no_jp_set_logo_mapping"
"POKEMON","ja","Magma Deck Kit","","no_jp_set_logo_mapping"
"POKEMON","ja","Magma VS Aqua: Two Ambitions","","no_jp_set_logo_mapping"
"POKEMON_JAPAN","en","Flygon Constructed Starter Deck","","no_jp_set_logo_mapping"
"POKEMON_JAPAN","en","Salamence Constructed Starter Deck","","no_jp_set_logo_mapping"
"POKEMON","ja","Flygon Constructed Starter Deck","","no_jp_set_logo_mapping"
"POKEMON","ja","Salamence Constructed Starter Deck","","no_jp_set_logo_mapping"
"POKEMON","ja","ADV Expansion Pack","","no_jp_set_logo_mapping"
"POKEMON","ja","Mudkip Constructed Starter Deck","","no_jp_set_logo_mapping"
"POKEMON","ja","Torchic Constructed Starter Deck","","no_jp_set_logo_mapping"
"POKEMON","ja","Treecko Constructed Starter Deck","","no_jp_set_logo_mapping"
"POKEMON","ja","ADV-P Promotional cards","","no_jp_set_logo_mapping"
"POKEMON","ja","McDonald's Pokémon-e Minimum Pack","","no_jp_set_logo_mapping"
"POKEMON_JAPAN","en","Pokemon-e Starter Deck","","no_jp_set_logo_mapping"
"POKEMON","ja","Base Expansion Pack","","no_jp_set_logo_mapping"
"POKEMON","ja","Pokemon-e Starter Deck","","no_jp_set_logo_mapping"
"POKEMON","ja","Pokemon Web","","no_jp_set_logo_mapping"
"POKEMON","ja","Pokemon VS","","no_jp_set_logo_mapping"
"POKEMON","ja","J Promotional cards","","no_jp_set_logo_mapping"
"POKEMON","ja","P Promotional cards","","no_jp_set_logo_mapping"
"POKEMON","ja","Darkness, and to Light...","","no_jp_set_logo_mapping"
"POKEMON","ja","Intro Pack Neo (Chikorita)","","no_jp_set_logo_mapping"
"POKEMON","ja","Intro Pack Neo (Totodile)","","no_jp_set_logo_mapping"
"POKEMON","ja","Neo Premium File 3","NPF3","no_jp_set_logo_mapping"
"POKEMON","ja","Crossing the Ruins...","","no_jp_set_logo_mapping"
"POKEMON","ja","Neo Premium File 2","NPF2","no_jp_set_logo_mapping"
"POKEMON","ja","Gold, Silver, to a New World...","","no_jp_set_logo_mapping"
"POKEMON","ja","Neo Premium File 1","NPF1","no_jp_set_logo_mapping"
"POKEMON","ja","Intro Pack (Bulbasaur)","","no_jp_set_logo_mapping"
"POKEMON","ja","Intro Pack (Squirtle)","","no_jp_set_logo_mapping"
"POKEMON","ja","Quick Starter Gift Set (Green Deck)","","no_jp_set_logo_mapping"
"POKEMON","ja","Quick Starter Gift Set (Red Deck)","","no_jp_set_logo_mapping"
"POKEMON","ja","Leaders' Stadium","","no_jp_set_logo_mapping"
"POKEMON","ja","City Gym Decks","","no_jp_set_logo_mapping"
"POKEMON","ja","Challenge from the Darkness","","no_jp_set_logo_mapping"
"POKEMON","ja","Pokemon Jungle","","no_jp_set_logo_mapping"
"POKEMON","ja","Expansion Pack (No Rarity)","","no_jp_set_logo_mapping"
"ONE_PIECE","en","Set Sail Deck Set","SD01","official_onepiece_product_page_not_found_or_no_visual"
"ONE_PIECE","en","One Piece Demo Deck Cards","OP-DD","no_onepiece_base_set_code"
"ONE_PIECE","en","Revision Pack Cards","OP-RP","no_onepiece_base_set_code"
"ONE_PIECE","en","One Piece Collection Sets","OP-CS","no_onepiece_base_set_code"
"ONE_PIECE","en","One Piece Promotion Cards","OP-PR","no_onepiece_base_set_code"
