lane,id,name,setCode,sourceSetId,reason,evidence,productTitle
"onepiece","cmpt10ou805ltq0rmc4z4fi1u","500 Years in the Future","OP07","","no_official_product_match","official products scrape",""
"onepiece","cmpt10udq05usq0rmwa73aavq","500 Years in the Future Pre-Release Cards","OP07 PRE","","no_official_product_match","official products scrape",""
"onepiece","cmpt0xhft00b6q0rmqcqvdhjh","Adventure on Kami's Island","OP15-EB04","","official_image_is_product_pack_not_set_artwork","https://en.onepiece-cardgame.com/onepiececg/bccard/en/product/2026/03/13/pHM37mp7tOcGG81w/img_item04.webp?_=e5b0b118be79deb3f164735371893536","BOOSTER PACK -ADVENTURE ON KAMI’S ISLAND- [OP15-EB04]"
"onepiece","cmpt0xncq00mzq0rm33fzydte","Adventure on Kami's Island Release Event Cards","OP15 RE","","no_official_product_match","official products scrape",""
"onepiece","cmpt0yziz02ynq0rmq1638bqx","A Fist of Divine Speed","OP11","","no_official_product_match","official products scrape",""
"onepiece","cmpt0zahn03dqq0rma9xdk1r9","A Fist of Divine Speed Release Event Cards","OP11 RE","","no_official_product_match","official products scrape",""
"onepiece","cmpt11c5r06kjq0rm2dduv5jk","Awakening of the New Era","OP05","","no_official_product_match","official products scrape",""
"onepiece","cmpt11gjf06toq0rmjz0eplt7","Awakening of the New Era: 1st Anniversary Tournament Cards","OP05 ANN","","no_official_product_match","official products scrape",""
"onepiece","cmpt0y3pe01guq0rm8lobx98m","Carrying On His Will","OP13","","no_official_product_match","official products scrape",""
"onepiece","cmpt0y8ce01qxq0rmhldaimih","Carrying On His Will: 3rd Anniversary Tournament Cards","OP13 ANN","","no_official_product_match","official products scrape",""
"onepiece","cmpt0zptp042vq0rms320r5pl","Emperors in the New World","OP09","","no_official_product_match","official products scrape",""
"onepiece","cmpt0ztq204c8q0rmn4bqtxyn","Emperors in the New World: 2nd Anniversary Tournament Cards","OP09 ANN","","no_official_product_match","official products scrape",""
"onepiece","cmpt0zd6g03hxq0rm4o9ystjp","Extra Booster: Anime 25th Collection","EB-02","","official_image_is_product_pack_not_set_artwork","https://en.onepiece-cardgame.com/renewal/images/products/boosters/eb02/img_item01.webp?_=e5b0b118be79deb3f164735371893536","EXTRA BOOSTER -Anime 25th Collection- [EB-02]"
"onepiece","cmpt10x5e05yzq0rmuhr4wnnn","Extra Booster: Memorial Collection","EB-01","","official_image_is_product_pack_not_set_artwork","https://en.onepiece-cardgame.com/renewal/images/products/boosters/eb01/img_item01.webp?_=e5b0b118be79deb3f164735371893536","EXTRA BOOSTER -MEMORIAL COLLECTION- [EB-01]"
"onepiece","cmpt0xq2f00s0q0rmtg0mqw3z","Extra Booster: One Piece Heroines Edition","EB-03","","official_image_is_product_pack_not_set_artwork","https://en.onepiece-cardgame.com/renewal/images/products/boosters/eb03/img_item01.webp?reset=1776135195?_=e5b0b118be79deb3f164735371893536","EXTRA BOOSTER -ONE PIECE HEROINES EDITION- [EB-03]"
"onepiece","cmpt11kvc06zpq0rmpx0x2tw9","Kingdoms of Intrigue","OP04","","no_official_product_match","official products scrape",""
"onepiece","cmpt11q7w078uq0rmzejx39jw","Kingdoms of Intrigue Pre-Release Cards","OP04 PRE","","no_official_product_match","official products scrape",""
"onepiece","cmpt0yaxq01vcq0rmtuca4wmi","Learn Together Deck Set","LT-01","","no_official_product_match","official products scrape",""
"onepiece","cmpt0yqpc02lbq0rmxz8i3080","Legacy of the Master","OP12","","no_official_product_match","official products scrape",""
"onepiece","cmpt0yvpn02ugq0rmu7qz6jes","Legacy of the Master Release Event Cards","OP12 RE","","no_official_product_match","official products scrape",""
"onepiece","cmpt11jso06z2q0rmksq5h2h3","One Piece Collection Sets","OP-CS","","no_official_product_match","official products scrape",""
"onepiece","cmpt0zwc804gfq0rmgth1y26q","One Piece Demo Deck Cards","OP-DD","","no_official_product_match","official products scrape",""
"onepiece","cmpt1usnb000zq022p2x6vqi0","One Piece Promotion Cards","OP-PR","","no_official_product_match","official products scrape",""
"onepiece","cmpt122ze07teq0rmzeo644jq","Paramount War","OP02","","no_official_product_match","official products scrape",""
"onepiece","cmpt12923083iq0rm975te991","Paramount War Pre-Release Cards","OP02 PRE","","no_official_product_match","official products scrape",""
"onepiece","cmpt11vi707f3q0rmj0fe6vv8","Pillars of Strength","OP03","","no_official_product_match","official products scrape",""
"onepiece","cmpt11zaw07nyq0rmemdos2na","Pillars of Strength Pre-Release Cards","OP03 PRE","","no_official_product_match","official products scrape",""
"onepiece","cmpt100ji04jnq0rmqafv34h6","Premium Booster -The Best-","PRB-01","","official_image_is_product_pack_not_set_artwork","https://en.onepiece-cardgame.com/renewal/images/products/boosters/prb01/img_item01.webp?_=e5b0b118be79deb3f164735371893536","PREMIUM BOOSTER -ONE PIECE CARD THE BEST- [PRB-01]"
"onepiece","cmpt0ye7m01ybq0rmogxfguki","Premium Booster -The Best- Vol. 2","PRB-02","","official_image_is_product_pack_not_set_artwork","https://en.onepiece-cardgame.com/renewal/images/products/boosters/prb02/img_item01.webp?_=e5b0b118be79deb3f164735371893536","PREMIUM BOOSTER -ONE PIECE CARD THE BEST vol.2- [PRB-02]"
"onepiece","cmpt0zy3n04hsq0rmhfr7h5jl","Revision Pack Cards","OP-RP","","no_official_product_match","official products scrape",""
"onepiece","cmpt12cev088uq0rmqhdng0c3","Romance Dawn","OP01","","no_official_product_match","official products scrape",""
"onepiece","cmpt0zgv103nyq0rmp061sah7","Royal Blood","OP10","","no_official_product_match","official products scrape",""
"onepiece","cmpt0zl5g03wnq0rm9i8sn43t","Royal Blood Release Event Cards","OP10 RE","","no_official_product_match","official products scrape",""
"onepiece","cmpt0x3mt0000q0rmyfy5vvp5","Set Sail Deck Set","SD01","","no_official_product_match","official products scrape",""
"onepiece","cmpt11b6e06k2q0rmgeirqhoj","Starter Deck 11: Uta","ST-11","","official_image_is_product_pack_not_set_artwork","https://en.onepiece-cardgame.com/renewal/images/products/decks/st11/img_item01.webp?_=c2c63ca994f4804f64ddf6b52e80883b","STARTER DECK -Uta- [ST-11]"
"onepiece","cmpt110wb065rq0rm7pys926s","Starter Deck 12: Zoro and Sanji","ST-12","","official_image_is_product_pack_not_set_artwork","https://en.onepiece-cardgame.com/renewal/images/products/decks/st12/img_item01.webp?_=c2c63ca994f4804f64ddf6b52e80883b","STARTER DECK -Zoro and Sanji- [ST-12]"
"onepiece","cmpt10mn405koq0rmmjydhjgq","Starter Deck 14: 3D2Y","ST-14","","official_image_is_product_pack_not_set_artwork","https://en.onepiece-cardgame.com/renewal/images/products/decks/st14/img_item01.webp?_=e5b0b118be79deb3f164735371893536","STARTER DECK -3D2Y- [ST-14]"
"onepiece","cmpt108g2051yq0rmg6mjzgvx","Starter Deck 15: RED Edward.Newgate","ST-15","","official_image_is_product_pack_not_set_artwork","https://en.onepiece-cardgame.com/renewal/images/products/decks/st15/img_item01.webp?_=e5b0b118be79deb3f164735371893536","STARTER DECK -Red Edward.Newgate- [ST-15]"
"onepiece","cmpt10994052xq0rm23kdljgv","Starter Deck 16: GREEN Uta","ST-16","","official_image_is_product_pack_not_set_artwork","https://en.onepiece-cardgame.com/renewal/images/products/decks/st16/img_item01.webp?_=e5b0b118be79deb3f164735371893536","STARTER DECK -Green Uta- [ST-16]"
"onepiece","cmpt10acu053yq0rm8k3snxa9","Starter Deck 17: BLUE Donquixote Doflamingo","ST-17","","official_image_is_product_pack_not_set_artwork","https://en.onepiece-cardgame.com/renewal/images/products/decks/st17/img_item01.webp?_=e5b0b118be79deb3f164735371893536","STARTER DECK -Blue Donquixote Doflamingo- [ST-17]"
"onepiece","cmpt10bra054pq0rmz63oxon5","Starter Deck 18: PURPLE Monkey.D.Luffy","ST-18","","official_image_is_product_pack_not_set_artwork","https://en.onepiece-cardgame.com/renewal/images/products/decks/st18/img_item01.webp?_=e5b0b118be79deb3f164735371893536","STARTER DECK -Purple Monkey.D.Luffy- [ST-18]"
"onepiece","cmpt10d6n055qq0rmc0wkbbvg","Starter Deck 19: BLACK Smoker","ST-19","","official_image_is_product_pack_not_set_artwork","https://en.onepiece-cardgame.com/renewal/images/products/decks/st19/img_item01.webp?_=e5b0b118be79deb3f164735371893536","STARTER DECK -Black Smoker- [ST-19]"
"onepiece","cmpt1umuo000vq022soydgabz","Starter Deck 1: Straw Hat Crew","ST-01","","no_official_product_match","official products scrape",""
"onepiece","cmpt10ea7056pq0rmn8y74vn8","Starter Deck 20: YELLOW Charlotte Katakuri","ST-20","","official_image_is_product_pack_not_set_artwork","https://en.onepiece-cardgame.com/renewal/images/products/decks/st20/img_item01.webp?_=e5b0b118be79deb3f164735371893536","STARTER DECK -Yellow Charlotte Katakuri- [ST-20]"
"onepiece","cmpt0ynys02jgq0rmgpsvn3c8","Starter Deck 22: Ace & Newgate","ST-22","","official_image_is_product_pack_not_set_artwork","https://en.onepiece-cardgame.com/renewal/images/products/decks/st22/img_item01.webp?_=e5b0b118be79deb3f164735371893536","STARTER DECK -Ace &amp; Newgate- [ST-22]"
"onepiece","cmpt0z45u037uq0rmgfe1aqj2","Starter Deck 23: RED Shanks","ST-23","","official_image_is_product_pack_not_set_artwork","https://en.onepiece-cardgame.com/renewal/images/products/decks/st23/img_item01.webp?reset=1774401333?_=e5b0b118be79deb3f164735371893536","STARTER DECK -RED Shanks- [ST-23]"
"onepiece","cmpt0z5bj038vq0rmkcshkmyz","Starter Deck 24: GREEN Jewelry Bonney","ST-24","","official_image_is_product_pack_not_set_artwork","https://en.onepiece-cardgame.com/renewal/images/products/decks/st24/img_item01.webp?reset=1774401312?_=e5b0b118be79deb3f164735371893536","STARTER DECK -GREEN Jewelry Bonney- [ST-24]"
"onepiece","cmpt0z66a039uq0rmohnyi4cy","Starter Deck 25: BLUE Buggy","ST-25","","official_image_is_product_pack_not_set_artwork","https://en.onepiece-cardgame.com/renewal/images/products/decks/st25/img_item01.webp?reset=1774401285?_=e5b0b118be79deb3f164735371893536","STARTER DECK -BLUE Buggy- [ST-25]"
"onepiece","cmpt0z7bx03atq0rmya3g75n3","Starter Deck 26: PURPLE/BLACK Monkey.D.Luffy","ST-26","","official_image_is_product_pack_not_set_artwork","https://en.onepiece-cardgame.com/renewal/images/products/decks/st26/img_item01.webp?reset=1774401259?_=e5b0b118be79deb3f164735371893536","STARTER DECK -PURPLE/BLACK Monkey.D.Luffy- [ST-26]"
"onepiece","cmpt0z89303bsq0rm6va0wgh7","Starter Deck 27: BLACK Marshall.D.Teach","ST-27","","official_image_is_product_pack_not_set_artwork","https://en.onepiece-cardgame.com/renewal/images/products/decks/st27/img_item01.webp?reset=1774401216?_=e5b0b118be79deb3f164735371893536","STARTER DECK -BLACK Marshall.D.Teach- [ST-27]"
"onepiece","cmpt0z9ex03crq0rmcm9whktk","Starter Deck 28: GREEN/YELLOW Yamato","ST-28","","official_image_is_product_pack_not_set_artwork","https://en.onepiece-cardgame.com/renewal/images/products/decks/st28/img_item01.webp?reset=1774359681?_=e5b0b118be79deb3f164735371893536","STARTER DECK -GREEN/YELLOW Yamato- [ST-28]"
"onepiece","cmpt0xt7k00xvq0rm6ekar9mb","Starter Deck 29: Egghead","ST-29","","official_image_is_product_pack_not_set_artwork","https://en.onepiece-cardgame.com/renewal/images/products/decks/st29/img_item01.webp?reset=1774496066?_=e5b0b118be79deb3f164735371893536","STARTER DECK -Egghead- [ST-29]"
"onepiece","cmpt1unvt000wq022qlvj2c83","Starter Deck 2: Worst Generation","ST-02","","no_official_product_match","official products scrape",""
"onepiece","cmpt1uowy000xq0229y0vwp7x","Starter Deck 3: The Seven Warlords of The Sea","ST-03","","no_official_product_match","official products scrape",""
"onepiece","cmpt1upy7000yq022ar7yvzu7","Starter Deck 4: Animal Kingdom Pirates","ST-04","","no_official_product_match","official products scrape",""
"onepiece","cmpt12b5c087pq0rm6rmgt6i8","Starter Deck 5: Film Edition","ST-05","","no_official_product_match","official products scrape",""
"onepiece","cmpt127vp082dq0rmnb5tp7ne","Starter Deck 6: Absolute Justice","ST-06","","no_official_product_match","official products scrape",""
"onepiece","cmpt121pr07s9q0rmauvzg4up","Starter Deck 7: Big Mom Pirates","ST-07","","no_official_product_match","official products scrape",""
"onepiece","cmpt11t1407d1q0rmw41xuur7","Starter Deck 8: Monkey.D.Luffy","ST-08","","no_official_product_match","official products scrape",""
"onepiece","cmpt11u7g07e2q0rmykww73u1","Starter Deck 9: Yamato","ST-09","","no_official_product_match","official products scrape",""
"onepiece","cmpt0znuo040uq0rm9bgdw6e9","Starter Deck EX: Gear 5","ST-21","","official_image_is_product_pack_not_set_artwork","https://en.onepiece-cardgame.com/renewal/images/products/decks/st21/img_item01.webp?_=e5b0b118be79deb3f164735371893536","STARTER DECK EX -GEAR5- [ST-21]"
"onepiece","cmpt0x7a20005q0rmsbm5yts7","Starter Deck EX: Luffy & Ace","ST-30","","official_image_is_product_pack_not_set_artwork","https://en.onepiece-cardgame.com/onepiececg/bccard/en/product/2026/05/19/MjYG2Jx1BgbiZLWk/img_item01.webp?_=e5b0b118be79deb3f164735371893536","STARTER DECK EX -Luffy &amp; Ace- [ST-30]"
"onepiece","cmpt1uwyq0010q022d689kwch","Super Pre-Release Starter Deck 1: Straw Hat Crew","ST-01 PRE","","no_official_product_match","official products scrape",""
"onepiece","cmpt1uxzk0011q022zzvkce39","Super Pre-Release Starter Deck 2: Worst Generation","ST-02 PRE","","no_official_product_match","official products scrape",""
"onepiece","cmpt140jx08gkq0rmrx8gtcqb","Super Pre-Release Starter Deck 3: The Seven Warlords of the Sea","ST-03 PRE","","no_official_product_match","official products scrape",""
"onepiece","cmpt1456t08hjq0rm9jtzv9t9","Super Pre-Release Starter Deck 4: Animal Kingdom Pirates","ST-04 PRE","","no_official_product_match","official products scrape",""
"onepiece","cmpt0xurz00zsq0rm97aum1qx","The Azure Sea's Seven","OP14","","no_official_product_match","official products scrape",""
"onepiece","cmpt0y09q01bvq0rmzylsmtfk","The Azure Sea's Seven Release Event Cards","OP14 RE","","no_official_product_match","official products scrape",""
"onepiece","cmpt0xcan0028q0rmgtptxzd1","The Time of Battle","OP16","","no_official_product_match","official products scrape",""
"onepiece","cmpt0xggr00b5q0rm7p6xikbo","The Time of Battle Release Event Cards","OP16 RE","","no_official_product_match","official products scrape",""
"onepiece","cmpt10fmh057iq0rmg8ntu32d","Two Legends","OP08","","no_official_product_match","official products scrape",""
"onepiece","cmpt10k9z05ghq0rm4fusqvn1","Two Legends Pre-Release Cards","OP08 PRE","","no_official_product_match","official products scrape",""
"onepiece","cmpt10zgo063mq0rm971ipyjy","Ultra Deck: The Three Brothers","ST-13","","official_image_is_product_pack_not_set_artwork","https://en.onepiece-cardgame.com/renewal/images/products/decks/st13/img_item01.webp?_=e5b0b118be79deb3f164735371893536","ULTRA DECK -The Three Brothers- [ST-13]"
"onepiece","cmpt11ipe06xvq0rmuy32j6tq","Ultra Deck: The Three Captains","ST-10","","official_image_is_product_pack_not_set_artwork","https://en.onepiece-cardgame.com/renewal/images/products/decks/st10/img_item01.webp?_=c2c63ca994f4804f64ddf6b52e80883b","ULTRA DECK -The Three Captains- [ST-10]"
"onepiece","cmpt1138q066wq0rm87u8idq5","Wings of the Captain","OP06","","no_official_product_match","official products scrape",""
"onepiece","cmpt118da06fvq0rm8g82dcy8","Wings of the Captain Pre-Release Cards","OP06 PRE","","no_official_product_match","official products scrape",""
"pokemon_jp","cmpt1nb3d005lq0diqyhao0qy","10th Movie Commemoration Set","","85:24146","no_unique_tcgdex_ja_code_or_name_match","",""
"pokemon_jp","cmpt1mxkj005aq0diaol65512","11th Movie Commemoration Set","","85:24145","no_unique_tcgdex_ja_code_or_name_match","",""
"pokemon_jp","cmpt1qyju008rq0dizmsnh3p6","64 Mario Stadium Best Photo Contest","","85:24197","no_unique_tcgdex_ja_code_or_name_match","",""
"pokemon_jp","cmpt1poot007lq0dir3fkys64","ADV Expansion Pack","","85:24129","no_unique_tcgdex_ja_code_or_name_match","",""
"pokemon_jp","cmpt1pstt007pq0dizdqbzjbu","ADV-P Promotional cards","","85:24140","no_unique_tcgdex_ja_code_or_name_match","",""
"pokemon_jp","cmpt1pdvw007dq0digzdi5gee","Aqua Deck Kit","","85:24122","no_unique_tcgdex_ja_code_or_name_match","",""
"pokemon_jp","cmpt1mdcz004nq0diple0hcl6","Arceus LV.X Deck: Grass & Fire","Pt","85:24054","no_unique_tcgdex_ja_code_or_name_match","",""
"pokemon_jp","cmpt1mef0004oq0dippdfzqfy","Arceus LV.X Deck: Lightning & Psychic","Pt","85:24055","no_unique_tcgdex_ja_code_or_name_match","",""
"pokemon_jp","cmpt1qdr50087q0dicjb9k1ft","Awakening Legends","","85:23720","no_unique_tcgdex_ja_code_or_name_match","",""
"pokemon_jp","cmpt1q4hc007yq0diww26dsge","Base Expansion Pack","","85:23730","no_unique_tcgdex_ja_code_or_name_match","",""
"pokemon_jp","cmpt1ng9c005rq0diqlmaytfs","Bastiodon the Defender Half Deck","DP2","85:24047","no_unique_tcgdex_ja_code_or_name_match","",""
"pokemon_jp","cmpt0qkaz07unq0jffihxl5qf","Battle Academy","svI","85:23822","no_unique_tcgdex_ja_code_or_name_match","",""
"pokemon_jp","cmpt1lkzv003tq0di77pagy0g","Battle Gift Set: Thundurus vs Tornadus","BGS","85:23944","no_unique_tcgdex_ja_code_or_name_match","",""
"pokemon_jp","cmpt1qzf4008sq0disdgls25w","Battle Road","","85:24199","no_unique_tcgdex_ja_code_or_name_match","",""
"pokemon_jp","cmpt1m3bg004cq0dizt5o6f5r","Battle Starter Deck (Blastoise)","B","85:24056","no_unique_tcgdex_ja_code_or_name_match","",""
"pokemon_jp","cmpt1m42f004dq0dihpjfov9g","Battle Starter Deck (Magmortar)","B","85:24057","no_unique_tcgdex_ja_code_or_name_match","",""
"pokemon_jp","cmpt1m53t004eq0dirhwper4w","Battle Starter Deck (Raichu)","B","85:24058","no_unique_tcgdex_ja_code_or_name_match","",""
"pokemon_jp","cmpt1m5ut004fq0dio47lb0sf","Battle Starter Deck (Torterra)","B","85:24059","no_unique_tcgdex_ja_code_or_name_match","",""
"pokemon_jp","cmpt1lqpv003zq0didfr52g9l","Battle Theme Deck: Victini","BTV","85:23934","no_unique_tcgdex_ja_code_or_name_match","",""
"pokemon_jp","cmpt1l89c003fq0dioabwj02m","BKB: Black Kyurem-EX Battle Strength Deck","BKB","85:23946","no_unique_tcgdex_ja_code_or_name_match","",""
"pokemon_jp","cmpt1lrjn0040q0di8y8q37lf","BK: Cobalion Battle Strength Deck","BK","85:23952","no_unique_tcgdex_ja_code_or_name_match","",""
"pokemon_jp","cmpt1llrn003uq0di3d8n03ul","BKR: Reshiram-EX Battle Strength Deck","BKR","85:23935","no_unique_tcgdex_ja_code_or_name_match","",""
"pokemon_jp","cmpt1lsba0041q0di4j6fogzv","BK: Terrakion Battle Strength Deck","BK","85:23951","no_unique_tcgdex_ja_code_or_name_match","",""
"pokemon_jp","cmpt1ltd90042q0distkk0c5o","BK: Virizion Battle Strength Deck","BK","85:23950","no_unique_tcgdex_ja_code_or_name_match","",""
"pokemon_jp","cmpt1l914003gq0di6ngl07nr","BKW: White Kyurem-EX Battle Strength Deck","BKW","85:23947","no_unique_tcgdex_ja_code_or_name_match","",""
"pokemon_jp","cmpt1lmjl003vq0dijfymwsw9","BKZ: Zekrom-EX Battle Strength Deck","BKZ","85:23936","no_unique_tcgdex_ja_code_or_name_match","",""
"pokemon_jp","cmpt1ou9g006xq0diru9c6eve","Black Deck Kit","","85:24134","no_unique_tcgdex_ja_code_or_name_match","",""
"pokemon_jp","cmpt1l1v80038q0dij3lqs5pn","Blastoise + Kyurem-EX Combo Deck","K+K","85:23938","no_unique_tcgdex_ja_code_or_name_match","",""
"pokemon_jp","cmpt14j7q09tjq0pzmlunxc4j","BREAK Starter Pack","20th","85:23963","no_unique_tcgdex_ja_code_or_name_match","",""
"pokemon_jp","cmpt1lu8g0043q0dikojpo3un","BW1: Black Collection","BW1","85:23893","no_unique_tcgdex_ja_code_or_name_match","",""
"pokemon_jp","cmpt1lv4k0044q0dikfma15fr","BW1: White Collection","BW1","85:23894","no_unique_tcgdex_ja_code_or_name_match","",""
"pokemon_jp","cmpt1lpa7003yq0dihn4se7so","BW2: Red Collection","BW2","85:23895","no_unique_tcgdex_ja_code_or_name_match","",""
"pokemon_jp","cmpt1lnf7003wq0diydvwryf4","BW3: Hail Blizzard","BW3","85:23897","no_unique_tcgdex_ja_code_or_name_match","",""
"pokemon_jp","cmpt1loc0003xq0difs8s8hcq","BW3: Psycho Drive","BW3","85:23896","no_unique_tcgdex_ja_code_or_name_match","",""
"pokemon_jp","cmpt1lk6d003sq0digrrdwslp","BW4: Dark Rush","BW4","85:23898","no_unique_tcgdex_ja_code_or_name_match","",""
"pokemon_jp","cmpt1lfd6003nq0dilwmr4if1","BW5: Dragon Blade","BW5","85:23900","no_unique_tcgdex_ja_code_or_name_match","",""
"pokemon_jp","cmpt1lgap003oq0di0tzasub4","BW5: Dragon Blast","BW5","85:23899","no_unique_tcgdex_ja_code_or_name_match","",""
"pokemon_jp","cmpt1lcjm003kq0di92uctdxf","BW6: Cold Flare","BW6","85:23902","no_unique_tcgdex_ja_code_or_name_match","",""
"pokemon_jp","cmpt1ldgp003lq0di0g8e09co","BW6: Freeze Bolt","BW6","85:23901","no_unique_tcgdex_ja_code_or_name_match","",""
"pokemon_jp","cmpt1l9yc003hq0dikil1vz1n","BW7: Plasma Gale","BW7","85:23903","no_unique_tcgdex_ja_code_or_name_match","",""
"pokemon_jp","cmpt1l4wx003bq0dika4ebb0t","BW8: Spiral Force","BW8","85:23904","no_unique_tcgdex_ja_code_or_name_match","",""
"pokemon_jp","cmpt1l5tw003cq0di71l0yhl4","BW8: Thunder Knuckle","BW8","85:23905","no_unique_tcgdex_ja_code_or_name_match","",""
"pokemon_jp","cmpt1l2tl0039q0di77qnl305","BW9: Megalo Cannon","BW9","85:23906","no_unique_tcgdex_ja_code_or_name_match","",""
"pokemon_jp","cmpt0yozv02f5q0pztxfffvht","BW: Extra Regulation Box","BW","85:24514","no_unique_tcgdex_ja_code_or_name_match","",""
"pokemon_jp","cmpt1lwiu0045q0dinosaw5k8","BW-P Promotional cards","BW-P","85:24342","no_unique_tcgdex_ja_code_or_name_match","",""
"pokemon_jp","cmpt1qrx3008lq0di4l9cnfqd","Challenge from the Darkness","","85:23726","no_unique_tcgdex_ja_code_or_name_match","",""
"pokemon_jp","cmpt1r0gd008tq0did01e3ps1","Champion Road","","85:24201","no_unique_tcgdex_ja_code_or_name_match","",""
"pokemon_jp","cmpt1qqhd008kq0di41odw7b2","City Gym Decks","","85:24175","no_unique_tcgdex_ja_code_or_name_match","",""
"pokemon_jp","cmpt1p22j0073q0dikgo3ewc7","Clash of the Blue Sky","","85:24114","no_unique_tcgdex_ja_code_or_name_match","",""
"pokemon_jp","cmpt1r1ad008uq0di0x0j614t","CoroCoro Promotional Cards","","85:24194","no_unique_tcgdex_ja_code_or_name_match","",""
"pokemon_jp","cmpt1kgun002qq0divp8osgg2","CP1: Magma Gang vs Aqua Gang: Double Crisis","CP1","","tcgdex_ja_match_has_no_valid_image","",""
"pokemon_jp","cmpt153xn0akhq0pzzzjg03ta","CP2: Legendary Shine Collection","CP2","","tcgdex_ja_match_has_no_valid_image","",""
"pokemon_jp","cmpt14ln509xuq0pzo86fpbnx","CP3: PokeKyun Collection","CP3","","tcgdex_ja_match_has_no_valid_image","",""
"pokemon_jp","cmpt1497t09e9q0pzr5rrrsgr","CP4: Premium Champion Pack","CP4","","tcgdex_ja_match_has_no_valid_image","",""
"pokemon_jp","cmpt1cz780a54q0k4czsz7hsj","CP5: Mythical & Legendary Dream Shine Collection","CP5","","tcgdex_ja_match_has_no_valid_image","",""
"pokemon_jp","cmpt1cv9j09zbq0k4hlao89kz","CP6: Expansion Pack 20th Anniversary","CP6","","tcgdex_ja_match_has_no_valid_image","",""
"pokemon_jp","cmpt1qfg50089q0dih6po41m2","Crossing the Ruins...","","85:23728","no_unique_tcgdex_ja_code_or_name_match","",""
"pokemon_jp","cmpt1lxme0046q0digjxid9p4","CS1: Journey Partners Collection Sheet","CS1","85:23933","no_unique_tcgdex_ja_code_or_name_match","",""
"pokemon_jp","cmpt1qauk0084q0di1130250s","Darkness, and to Light...","","85:23729","no_unique_tcgdex_ja_code_or_name_match","",""
"pokemon_jp","cmpt1p2zk0074q0did44u7pt0","Deoxys Constructed Starter Deck","","85:24115","no_unique_tcgdex_ja_code_or_name_match","",""
"pokemon_jp","cmpt1nbv7005mq0dio8719fd7","Dialga LV.X Constructed Standard Deck","DP3","85:24050","no_unique_tcgdex_ja_code_or_name_match","",""
"pokemon_jp","cmpt1noj8005vq0di10w6ntj8","DP1: Space-Time Creation","DP1","85:23973","no_unique_tcgdex_ja_code_or_name_match","",""
"pokemon_jp","cmpt1nhto005sq0didux73lp7","DP2: Secret of the Lakes","DP2","85:23974","no_unique_tcgdex_ja_code_or_name_match","",""
"pokemon_jp","cmpt1ncw0005nq0dipv593r8c","DP3: Shining Darkness","DP3","85:23975","no_unique_tcgdex_ja_code_or_name_match","",""
"pokemon_jp","cmpt1n8du005iq0diqxaagbm4","DP4: Dawn Dash","DP4","85:23976","no_unique_tcgdex_ja_code_or_name_match","",""
"pokemon_jp","cmpt1n9e0005jq0di6dp4lbrq","DP4: Moonlit Pursuit","DP4","85:23977","no_unique_tcgdex_ja_code_or_name_match","",""
"pokemon_jp","cmpt1n4g6005eq0diesqgerae","DP5: Cry from the Mysterious","DP5","85:23979","no_unique_tcgdex_ja_code_or_name_match","",""
"pokemon_jp","cmpt1n5uu005fq0diyyxqoark","DP5: Temple of Anger","DP5","85:23978","no_unique_tcgdex_ja_code_or_name_match","",""
"pokemon_jp","cmpt1nlj8005uq0dipmumh4pn","DP-P Promotional cards","","85:24137","no_unique_tcgdex_ja_code_or_name_match","",""
"pokemon_jp","cmpt1mpmu0051q0didrpvouto","DPt Gift Box (Chimchar)","DPt","85:24035","no_unique_tcgdex_ja_code_or_name_match","",""
"pokemon_jp","cmpt1mqdw0052q0difcage6tg","DPt Gift Box (Pikachu)","DPt","85:24036","no_unique_tcgdex_ja_code_or_name_match","",""
"pokemon_jp","cmpt1mr4y0053q0dib4xh580e","DPt Gift Box (Piplup)","DPt","85:24037","no_unique_tcgdex_ja_code_or_name_match","",""
"pokemon_jp","cmpt1mrw50054q0did4ll4xx8","DPt Gift Box (Turtwig)","DPt","85:24038","no_unique_tcgdex_ja_code_or_name_match","",""
"pokemon_jp","cmpt1mwsm0059q0dir8l2wr93","DPt-P Promotional cards","","85:24136","no_unique_tcgdex_ja_code_or_name_match","",""
"pokemon_jp","cmpt1lj9d003rq0di3e1qfxyt","Dragon Selection","DS","85:23910","no_unique_tcgdex_ja_code_or_name_match","",""
"pokemon_jp","cmpt1nwiz0062q0dikbqaglqy","Earth's Groudon ex Constructed Starter Deck","","85:24082","no_unique_tcgdex_ja_code_or_name_match","",""
"pokemon_jp","cmpt1r22u008vq0diy6qbyudd","Elementary School Competition","","85:24196","no_unique_tcgdex_ja_code_or_name_match","",""
"pokemon_jp","cmpt1ov9j006yq0dih9ltb7fj","Emerald Gift Box (Deoxys)","","85:24127","no_unique_tcgdex_ja_code_or_name_match","",""
"pokemon_jp","cmpt1owp2006zq0dixm8c0td6","Emerald Gift Box (Rayquaza)","","85:24130","no_unique_tcgdex_ja_code_or_name_match","",""
"pokemon_jp","cmpt1nq2i005wq0dih3ymxbzg","Entry Pack","DP1","85:24040","no_unique_tcgdex_ja_code_or_name_match","",""
"pokemon_jp","cmpt1n7ia005hq0diskrp70l9","Entry Pack '08","DP","85:24041","no_unique_tcgdex_ja_code_or_name_match","",""
"pokemon_jp","cmpt1msn90055q0din0ca7py5","Entry Pack DPt (Dialga)","","85:24042","no_unique_tcgdex_ja_code_or_name_match","",""
"pokemon_jp","cmpt1mtos0056q0di9raj4gpj","Entry Pack DPt (Giratina)","","85:24043","no_unique_tcgdex_ja_code_or_name_match","",""
"pokemon_jp","cmpt1muxx0057q0didravgnux","Entry Pack DPt (Palkia)","","85:24044","no_unique_tcgdex_ja_code_or_name_match","",""
"pokemon_jp","cmpt1l6p3003dq0dim3bybwoc","Everyone's Exciting Battle","WAK","85:23939","no_unique_tcgdex_ja_code_or_name_match","",""
"pokemon_jp","cmpt1kzhv0035q0dini2r2mtf","EX Battle Boost","EBB","85:23912","no_unique_tcgdex_ja_code_or_name_match","",""
"pokemon_jp","cmpt1qwaj008pq0din4w92qzk","Expansion Pack","","85:23721","no_unique_tcgdex_ja_code_or_name_match","",""
"pokemon_jp","cmpt1qxm3008qq0ditmdqrdeg","Expansion Pack (No Rarity)","","85:23740","no_unique_tcgdex_ja_code_or_name_match","",""
"pokemon_jp","cmpt1ojv4006oq0dirf6bfyic","Feraligatr Constructed Starter Deck","","85:24104","no_unique_tcgdex_ja_code_or_name_match","",""
"pokemon_jp","cmpt1onfp006rq0dizgw4w2zr","Fighting Quick Construction Pack","","85:24107","no_unique_tcgdex_ja_code_or_name_match","",""
"pokemon_jp","cmpt1oopu006sq0diqu0xx8r7","Fire Quick Construction Pack","","85:24108","no_unique_tcgdex_ja_code_or_name_match","",""
"pokemon_jp","cmpt1p50r0076q0diik0zv3eu","Flight of Legends","","85:24117","no_unique_tcgdex_ja_code_or_name_match","",""
"pokemon_jp","cmpt1pizj007hq0di9956dou0","Flygon Constructed Starter Deck","","85:24125","no_unique_tcgdex_ja_code_or_name_match","",""
"pokemon_jp","cmpt1lhdt003pq0di8rlxgeay","Garchomp Half Deck","GBR","85:23942","no_unique_tcgdex_ja_code_or_name_match","",""
"pokemon_jp","cmpt1mkxj004wq0di94smqjhy","Garchomp vs Charizard SP Deck Kit (Charizard)","Pt","85:24033","no_unique_tcgdex_ja_code_or_name_match","",""
"pokemon_jp","cmpt1mlon004xq0dinzfrk7nw","Garchomp vs Charizard SP Deck Kit (Garchomp)","Pt","85:24032","no_unique_tcgdex_ja_code_or_name_match","",""
"pokemon_jp","cmpt1pbqk007bq0di89cx84v3","Gift Box (Latias)","","85:24120","no_unique_tcgdex_ja_code_or_name_match","",""
"pokemon_jp","cmpt1pd07007cq0din2xtwoj8","Gift Box (Latios)","","85:24121","no_unique_tcgdex_ja_code_or_name_match","",""
"pokemon_jp","cmpt1o1s80066q0dig46apfjj","Gift Box Mew - Lucario (Crawdaunt Quarter Deck)","","85:24095","no_unique_tcgdex_ja_code_or_name_match","",""
"pokemon_jp","cmpt1o2md0067q0didm59dlzb","Gift Box Mew - Lucario (Lucario Quarter Deck)","","85:24094","no_unique_tcgdex_ja_code_or_name_match","",""
"pokemon_jp","cmpt1o3gv0068q0difcwn45fb","Gift Box Mew - Lucario (Mew Quarter Deck)","","85:24093","no_unique_tcgdex_ja_code_or_name_match","",""
"pokemon_jp","cmpt1o4bi0069q0di2adxjhgh","Gift Box Mew - Lucario (Mightyena Quarter Deck)","","85:24096","no_unique_tcgdex_ja_code_or_name_match","",""
"pokemon_jp","cmpt1o52p006aq0dikyib5mc6","Gift Box Mew - Lucario (Pokemon Star)","","85:24098","no_unique_tcgdex_ja_code_or_name_match","",""
"pokemon_jp","cmpt1mybv005bq0diglnqhgp0","Giratina vs Dialga Deck Kit (Dialga)","","85:24045","no_unique_tcgdex_ja_code_or_name_match","",""
"pokemon_jp","cmpt1mz38005cq0di8wfgw5hm","Giratina vs Dialga Deck Kit (Giratina)","","85:24046","no_unique_tcgdex_ja_code_or_name_match","",""
"pokemon_jp","cmpt1ohgp006lq0dicjeqbzqz","Golden Sky, Silvery Ocean","","85:24103","no_unique_tcgdex_ja_code_or_name_match","",""
"pokemon_jp","cmpt1qh9g008bq0diz99187fc","Gold, Silver, to a New World...","","85:23727","no_unique_tcgdex_ja_code_or_name_match","",""
"pokemon_jp","cmpt1opya006tq0dic3dr70wz","Grass Quick Construction Pack","","85:24109","no_unique_tcgdex_ja_code_or_name_match","",""
"pokemon_jp","cmpt1r2u0008wq0di4sa65079","Gym Challenge","","85:24202","no_unique_tcgdex_ja_code_or_name_match","",""
"pokemon_jp","cmpt1n6p9005gq0diqvwvjn0w","Heatran vs Regigigas Deck Kit","DP5","85:24039","no_unique_tcgdex_ja_code_or_name_match","",""
"pokemon_jp","cmpt1nzae0064q0dihtt47hhv","Holon Phantom","","85:24084","no_unique_tcgdex_ja_code_or_name_match","",""
"pokemon_jp","cmpt1o686006bq0dig7ajwhrt","Holon Research Tower","","85:24085","no_unique_tcgdex_ja_code_or_name_match","",""
"pokemon_jp","cmpt1o7fl006cq0dib0jvykdr","Holon Research Tower Fire Quarter Deck","","85:24086","no_unique_tcgdex_ja_code_or_name_match","",""
"pokemon_jp","cmpt1o8ai006dq0divnomo6ax","Holon Research Tower Lightning Quarter Deck","","85:24087","no_unique_tcgdex_ja_code_or_name_match","",""
"pokemon_jp","cmpt1o9ke006eq0diyso2u26o","Holon Research Tower Water Quarter Deck","","85:24088","no_unique_tcgdex_ja_code_or_name_match","",""
"pokemon_jp","cmpt1r3l6008xq0dii925d40x","How I Became a Pokemon Card","","85:24195","no_unique_tcgdex_ja_code_or_name_match","",""
"pokemon_jp","cmpt1li5c003qq0di6ck66629","Hydreigon Half Deck","SZD","85:23943","no_unique_tcgdex_ja_code_or_name_match","",""
"pokemon_jp","cmpt1nrwp005yq0diekkqsmbu","Imprison! Gardevoir ex Constructed Standard Deck","","85:24091","no_unique_tcgdex_ja_code_or_name_match","",""
"pokemon_jp","cmpt1mmxx004yq0diw1w3lhex","Infernape vs Gallade SP Deck Kit (Gallade)","Pt","85:24031","no_unique_tcgdex_ja_code_or_name_match","",""
"pokemon_jp","cmpt1mnp8004zq0di2qlu1ado","Infernape vs Gallade SP Deck Kit (Infernape)","Pt","85:24030","no_unique_tcgdex_ja_code_or_name_match","",""
"pokemon_jp","cmpt1mzzy005dq0dily276pa3","Intense Fight in the Destroyed Sky","","85:24027","no_unique_tcgdex_ja_code_or_name_match","",""
"pokemon_jp","cmpt1qiwx008dq0diiqv4c9vs","Intro Pack (Bulbasaur)","","85:24168","no_unique_tcgdex_ja_code_or_name_match","",""
"pokemon_jp","cmpt1qc1s0085q0dih8xawnbd","Intro Pack Neo (Chikorita)","","85:24160","no_unique_tcgdex_ja_code_or_name_match","",""
"pokemon_jp","cmpt1qcvf0086q0di3go2gpdv","Intro Pack Neo (Totodile)","","85:24161","no_unique_tcgdex_ja_code_or_name_match","",""
"pokemon_jp","cmpt1qjwm008eq0dink25r2p8","Intro Pack (Squirtle)","","85:24169","no_unique_tcgdex_ja_code_or_name_match","",""
"pokemon_jp","cmpt0npjb020fq0jfoiwpgz8v","Japanese CD Promo","","85:24568","no_unique_tcgdex_ja_code_or_name_match","",""
"pokemon_jp","cmpt1q9050082q0di3eyqv97d","J Promotional cards","","85:24142","no_unique_tcgdex_ja_code_or_name_match","",""
"pokemon_jp","cmpt1lei1003mq0di73voum69","Keldeo Battle Strength Deck","KLD","85:23941","no_unique_tcgdex_ja_code_or_name_match","",""
"pokemon_jp","cmpt1m8vg004iq0dilh18byg9","L1: HeartGold Collection","L1: HG","85:24025","no_unique_tcgdex_ja_code_or_name_match","",""
"pokemon_jp","cmpt1m9zp004jq0di9lmeznpv","L1: SoulSilver Collection","L1: SS","85:24026","no_unique_tcgdex_ja_code_or_name_match","",""
"pokemon_jp","cmpt1m0uy0049q0ditftr0dfz","L2: Revival Legends","L2","","tcgdex_ja_match_has_no_valid_image","",""
"pokemon_jp","cmpt1m1sx004aq0dius3vazt0","L2: Steelix Constructed Standard Deck","L2","","tcgdex_ja_match_has_no_valid_image","",""
"pokemon_jp","cmpt1m2kf004bq0dirbkqo97r","L2: Tyranitar Constructed Standard Deck","L2","","tcgdex_ja_match_has_no_valid_image","",""
"pokemon_jp","cmpt1lyor0047q0di86xmfmea","L3: Clash at the Summit","L3","","tcgdex_ja_match_has_no_valid_image","",""
"pokemon_jp","cmpt1qoc5008iq0di5n827fkr","Leaders' Stadium","","85:23725","no_unique_tcgdex_ja_code_or_name_match","",""
"pokemon_jp","cmpt1m6mb004gq0div5t1mkce","Leafeon vs Metagross Expert Deck (Leafeon)","E","85:24028","no_unique_tcgdex_ja_code_or_name_match","",""
"pokemon_jp","cmpt1m7xr004hq0dixi0vgm5m","Leafeon vs Metagross Expert Deck (Metagross)","E","85:24029","no_unique_tcgdex_ja_code_or_name_match","",""
"pokemon_jp","cmpt1or1o006uq0diovtk8fqd","Lightning Quick Construction Pack","","85:24110","no_unique_tcgdex_ja_code_or_name_match","",""
"pokemon_jp","cmpt1r4bh008yq0dicwylulpb","Limited Collection Master Battle Set","","85:24489","no_unique_tcgdex_ja_code_or_name_match","",""
"pokemon_jp","cmpt1lzua0048q0di90msl79o","LL: Lost Link","LL","","tcgdex_ja_match_has_no_valid_image","",""
"pokemon_jp","cmpt1maz3004kq0difzqn22nx","L-P: Legends Promos","L-P","85:24023","no_unique_tcgdex_ja_code_or_name_match","",""
"pokemon_jp","cmpt0o96o034dq0jffoy0fxoi","m1L: Mega Brave","m1L","","tcgdex_ja_match_has_no_valid_image","",""
"pokemon_jp","cmpt0oc6k039oq0jfxjmi4hjv","m1S: Mega Symphonia","m1S","","tcgdex_ja_match_has_no_valid_image","",""
"pokemon_jp","cmpt0nqsq020oq0jfqw1ky3d4","M2a: High Class Pack: MEGA Dream ex","M2a","85:24499","no_unique_tcgdex_ja_code_or_name_match","",""
"pokemon_jp","cmpt0o1k202rtq0jf9jzthste","M2: Inferno X","M2","","tcgdex_ja_match_has_no_valid_image","",""
"pokemon_jp","cmpt0mutq00diq0jfjs8zq34u","M3: Nihil Zero","M3","","tcgdex_ja_match_has_no_valid_image","",""
"pokemon_jp","cmpt0mqln006pq0jfj6plkywu","M4: Ninja Spinner","m4","85:24653","no_unique_tcgdex_ja_code_or_name_match","",""
"pokemon_jp","cmpt0mimm0000q0jf431b7vvi","M5: Abyss Eye","M5","85:24711","no_unique_tcgdex_ja_code_or_name_match","",""
"pokemon_jp","cmpt1pex2007eq0di783iole5","Magma Deck Kit","","85:24123","no_unique_tcgdex_ja_code_or_name_match","",""
"pokemon_jp","cmpt1pgcb007fq0dixrgyas4c","Magma VS Aqua: Two Ambitions","","85:24124","no_unique_tcgdex_ja_code_or_name_match","",""
"pokemon_jp","cmpt1nabh005kq0dioujoqjue","Magmortar vs Electivire Deck Kit","DP4","85:24052","no_unique_tcgdex_ja_code_or_name_match","",""
"pokemon_jp","cmpt1lav2003iq0dibkzjqqn1","Master Deck Build Box EX","MDB","85:23940","no_unique_tcgdex_ja_code_or_name_match","",""
"pokemon_jp","cmpt1obcm006gq0di5seena6t","Master Kit (Bulbasaur)","","85:24100","no_unique_tcgdex_ja_code_or_name_match","",""
"pokemon_jp","cmpt1oc4o006hq0di4aexdjcb","Master Kit (Side Deck)","","85:24159","no_unique_tcgdex_ja_code_or_name_match","",""
"pokemon_jp","cmpt1oczc006iq0dil5euwkn1","Master Kit (Torchic)","","85:24158","no_unique_tcgdex_ja_code_or_name_match","",""
"pokemon_jp","cmpt0o6at02zpq0jfl4yvzznx","MBD: MEGA Starter Set Mega Diancie ex","MBD","85:24445","no_unique_tcgdex_ja_code_or_name_match","",""
"pokemon_jp","cmpt0o4x102yeq0jf3441ihor","MBG: MEGA Starter Set Mega Gengar ex","MBG","85:24444","no_unique_tcgdex_ja_code_or_name_match","",""
"pokemon_jp","cmpt1q1vv007wq0dia7jpugdz","McDonald's Pokémon-e Minimum Pack","","85:24156","no_unique_tcgdex_ja_code_or_name_match","",""
"pokemon_jp","cmpt1okpo006pq0div6kg80kf","Meganium Constructed Starter Deck","","85:24105","no_unique_tcgdex_ja_code_or_name_match","",""
"pokemon_jp","cmpt1mcll004mq0diuibndwvz","Melee! Pokemon Scramble","","85:24151","no_unique_tcgdex_ja_code_or_name_match","",""
"pokemon_jp","cmpt1p9cq0079q0dio3sb4jq5","Metagross Constructed Starter Deck","","85:24118","no_unique_tcgdex_ja_code_or_name_match","",""
"pokemon_jp","cmpt1l0bf0036q0diyrad5knj","Mewtwo vs Genesect Deck Kit (Genesect)","MG","85:23955","no_unique_tcgdex_ja_code_or_name_match","",""
"pokemon_jp","cmpt1l1390037q0dicyarwirb","Mewtwo vs Genesect Deck Kit (Mewtwo)","MG","85:23937","no_unique_tcgdex_ja_code_or_name_match","",""
"pokemon_jp","cmpt1nv5q0061q0divxl2prwg","Miracle Crystal","","85:24099","no_unique_tcgdex_ja_code_or_name_match","",""
"pokemon_jp","cmpt1pnkl007kq0diqup3muov","Miracle of the Desert","","85:24139","no_unique_tcgdex_ja_code_or_name_match","",""
"pokemon_jp","cmpt1oegn006jq0diccs853ww","Mirage Forest","","85:24101","no_unique_tcgdex_ja_code_or_name_match","",""
"pokemon_jp","cmpt1ofmm006kq0dipsmwod8i","Mirage's Mew Constructed Starter Deck","","85:24102","no_unique_tcgdex_ja_code_or_name_match","",""
"pokemon_jp","cmpt14zlu0ae1q0pzrhnguv3g","M Master Deck Build Box Power Style","MMB","85:23985","no_unique_tcgdex_ja_code_or_name_match","",""
"pokemon_jp","cmpt1521v0ahaq0pzxs5ku0yw","M Master Deck Build Box Speed Style","MMB","85:23986","no_unique_tcgdex_ja_code_or_name_match","",""
"pokemon_jp","cmpt1mbty004lq0diehto2eed","Movie Commemoration Random Pack","","85:24144","no_unique_tcgdex_ja_code_or_name_match","",""
"pokemon_jp","cmpt1phvx007gq0dic9mkxe8b","Movie Commemoration VS Pack","","85:24149","no_unique_tcgdex_ja_code_or_name_match","",""
"pokemon_jp","cmpt1oah0006fq0di47pvhn2u","Movie Commemoration VS Pack: Aura's Lucario","","85:24148","no_unique_tcgdex_ja_code_or_name_match","",""
"pokemon_jp","cmpt1nqz7005xq0dixi4a0sn4","Movie Commemoration VS Pack: Sea's Manaphy","","85:24147","no_unique_tcgdex_ja_code_or_name_match","",""
"pokemon_jp","cmpt1p0pe0072q0diyx821vjm","Movie Commemoration VS Pack: Sky-Splitting Deoxys","","85:24503","no_unique_tcgdex_ja_code_or_name_match","",""
"pokemon_jp","cmpt0mye400k5q0jf3hnzd48d","MP1: Start Deck 100 Battle Collection CoroCiao Version","MP1","85:24607","no_unique_tcgdex_ja_code_or_name_match","",""
"pokemon_jp","cmpt0o7g10310q0jfw3wsngi8","M-P Promotional Cards","M-P","85:24423","no_unique_tcgdex_ja_code_or_name_match","",""
"pokemon_jp","cmpt1ppjo007mq0di5ke7xdwg","Mudkip Constructed Starter Deck","","85:24131","no_unique_tcgdex_ja_code_or_name_match","",""
"pokemon_jp","cmpt1pvg4007rq0diwjzwsueq","Mysterious Mountains","","85:23734","no_unique_tcgdex_ja_code_or_name_match","",""
"pokemon_jp","cmpt1qu57008nq0diccl3hqeo","Mystery of the Fossils","","85:23723","no_unique_tcgdex_ja_code_or_name_match","",""
"pokemon_jp","cmpt1qi4e008cq0dixkmtmfog","Neo Premium File 1","NPF1","85:24013","no_unique_tcgdex_ja_code_or_name_match","",""
"pokemon_jp","cmpt1qgcj008aq0di7xhh3izf","Neo Premium File 2","NPF2","85:24017","no_unique_tcgdex_ja_code_or_name_match","",""
"pokemon_jp","cmpt1qek40088q0dipqxaofi6","Neo Premium File 3","NPF3","85:24018","no_unique_tcgdex_ja_code_or_name_match","",""
"pokemon_jp","cmpt1nxl30063q0diu3oe5gjo","Ocean's Kyogre ex Constructed Starter Deck","","85:24083","no_unique_tcgdex_ja_code_or_name_match","",""
"pokemon_jp","cmpt1nsue005zq0difk2q3t2d","Offense and Defense of the Furthest Ends","","85:24090","no_unique_tcgdex_ja_code_or_name_match","",""
"pokemon_jp","cmpt1ndq3005oq0dilszgezfa","Palkia LV.X Constructed Standard Deck","DP3","85:24051","no_unique_tcgdex_ja_code_or_name_match","",""
"pokemon_jp","cmpt1p7xb0078q0dixamfrala","PCG-P Promotional cards","","85:24138","no_unique_tcgdex_ja_code_or_name_match","",""
"pokemon_jp","cmpt1qpep008jq0di74inss6j","Player Placement Trainer Promos","No.PROMO","85:24494","no_unique_tcgdex_ja_code_or_name_match","",""
"pokemon_jp","cmpt1pu93007qq0dieclyagja","PLAY Promotional cards","","85:24155","no_unique_tcgdex_ja_code_or_name_match","",""
"pokemon_jp","cmpt1r51y008zq0diapjekvg0","Pokemon Card Design Contest","","85:24203","no_unique_tcgdex_ja_code_or_name_match","",""
"pokemon_jp","cmpt1r5ss0090q0dis58odykw","Pokemon Card Fan Club","","85:24204","no_unique_tcgdex_ja_code_or_name_match","",""
"pokemon_jp","cmpt1r6j90091q0digy3xnmfw","Pokemon Card Information Promotional cards","","85:24198","no_unique_tcgdex_ja_code_or_name_match","",""
"pokemon_jp","cmpt1q5gf007zq0dijr9hz0cu","Pokemon-e Starter Deck","","85:24167","no_unique_tcgdex_ja_code_or_name_match","",""
"pokemon_jp","cmpt1qv0d008oq0dijhg0e04d","Pokemon Jungle","","85:23722","no_unique_tcgdex_ja_code_or_name_match","",""
"pokemon_jp","cmpt0sjxc0bo9q0jfpo7140n8","Pokemon TCG Classic: Blastoise","CLV","85:23817","no_unique_tcgdex_ja_code_or_name_match","",""
"pokemon_jp","cmpt0slql0bq6q0jfgftjsqrb","Pokemon TCG Classic: Charizard","CLL","85:23818","no_unique_tcgdex_ja_code_or_name_match","",""
"pokemon_jp","cmpt0snhl0bs3q0jf00hz1ncl","Pokemon TCG Classic: Venusaur","CLF","85:23819","no_unique_tcgdex_ja_code_or_name_match","",""
"pokemon_jp","cmpt1q7rs0081q0di912rkr7t","Pokemon VS","","","tcgdex_ja_match_has_no_valid_image","",""
"pokemon_jp","cmpt1q6nb0080q0di83hpwk1h","Pokemon Web","","","tcgdex_ja_match_has_no_valid_image","",""
"pokemon_jp","cmpt1oiks006mq0div2m3ziy2","PokéPark Blue","","85:24153","no_unique_tcgdex_ja_code_or_name_match","",""
"pokemon_jp","cmpt1oj2k006nq0dihhl9tyw4","PokePark Forest","","85:24154","no_unique_tcgdex_ja_code_or_name_match","",""
"pokemon_jp","cmpt1nfhb005qq0dik714vp9w","PPP Promotional cards","","85:24152","no_unique_tcgdex_ja_code_or_name_match","",""
"pokemon_jp","cmpt1q9tw0083q0dii93vmjhd","P Promotional cards","","85:24143","no_unique_tcgdex_ja_code_or_name_match","",""
"pokemon_jp","cmpt1os85006vq0di4riajqx3","Psychic Quick Construction Pack","","85:24111","no_unique_tcgdex_ja_code_or_name_match","",""
"pokemon_jp","cmpt1mvxg0058q0diucu8b2jx","Pt1: Galactic's Conquest","Pt1","85:23998","no_unique_tcgdex_ja_code_or_name_match","",""
"pokemon_jp","cmpt1morr0050q0diqoqudggx","Pt2: Bonds to the End of Time","Pt2","85:23999","no_unique_tcgdex_ja_code_or_name_match","",""
"pokemon_jp","cmpt1mk3y004vq0diexd71jat","Pt3: Beat of the Frontier","Pt3","85:24000","no_unique_tcgdex_ja_code_or_name_match","",""
"pokemon_jp","cmpt1mgkf004rq0dio17ck5ke","Pt4: Advent of Arceus","Pt4","85:24001","no_unique_tcgdex_ja_code_or_name_match","",""
"pokemon_jp","cmpt1mfg6004pq0didvjm7d08","Pt: Arceus LV.X Deck: Grass & Fire","Pt","85:24002","no_unique_tcgdex_ja_code_or_name_match","",""
"pokemon_jp","cmpt1mfw8004qq0dia9gbxy8v","Pt: Arceus LV.X Deck: Lightning & Psychic","Pt","85:24003","no_unique_tcgdex_ja_code_or_name_match","",""
"pokemon_jp","cmpt1mhoy004sq0dip0ynbw5i","PtM: Mewtwo LV.X Collection Pack","PtM","85:24004","no_unique_tcgdex_ja_code_or_name_match","",""
"pokemon_jp","cmpt1migh004tq0divl6le1e1","PtR: Regigigas LV.X Collection Pack","PtR","85:24005","no_unique_tcgdex_ja_code_or_name_match","",""
"pokemon_jp","cmpt1mj7q004uq0dixulx7u5i","PtS: Shaymin LV.X Collection Pack","PtS","85:24006","no_unique_tcgdex_ja_code_or_name_match","",""
"pokemon_jp","cmpt1qlx9008gq0diqui0msog","Quick Starter Gift Set (Green Deck)","","85:24597","no_unique_tcgdex_ja_code_or_name_match","",""
"pokemon_jp","cmpt1qmyg008hq0dio9w7nyqn","Quick Starter Gift Set (Red Deck)","","85:24598","no_unique_tcgdex_ja_code_or_name_match","",""
"pokemon_jp","cmpt1nino005tq0dix01uqcag","Rampardos the Attacker Constructed Half Deck","DP2","85:24048","no_unique_tcgdex_ja_code_or_name_match","",""
"pokemon_jp","cmpt1p66p0077q0dipzxawo76","Random Constructed Starter Decks (Venusaur/Charizard/Blastoise)","","85:24612","no_unique_tcgdex_ja_code_or_name_match","",""
"pokemon_jp","cmpt1p3sy0075q0difkzt1f45","Rayquaza Constructed Starter Deck","","85:24116","no_unique_tcgdex_ja_code_or_name_match","",""
"pokemon_jp","cmpt1qt5f008mq0di5qctl0wt","Rocket Gang","","85:23724","no_unique_tcgdex_ja_code_or_name_match","",""
"pokemon_jp","cmpt1oyn30070q0di58q1xwp7","Rocket Gang Strikes Back","","85:24135","no_unique_tcgdex_ja_code_or_name_match","",""
"pokemon_jp","cmpt1pkdc007iq0dibxioc9bx","Rulers of the Heavens","","85:24128","no_unique_tcgdex_ja_code_or_name_match","",""
"pokemon_jp","cmpt0tcwf0cvjq0jf2nbnxl69","s0: Charizard VSTAR vs Rayquaza VMAX Special Deck Set","s0","85:23830","no_unique_tcgdex_ja_code_or_name_match","",""
"pokemon_jp","cmpt0tvtm0drzq0jferdzz120","S10a: Dark Phantasma","S10a","","tcgdex_ja_match_has_no_valid_image","",""
"pokemon_jp","cmpt0tt3d0dm2q0jfddj7w8tp","S10b: Pokemon GO","S10b","","tcgdex_ja_match_has_no_valid_image","",""
"pokemon_jp","cmpt0tzoj0e0cq0jfaz2yatof","S10D: Time Gazer","S10D","","tcgdex_ja_match_has_no_valid_image","",""
"pokemon_jp","cmpt0u31z0e5dq0jfb18392qp","S10P: Space Juggler","S10P","","tcgdex_ja_match_has_no_valid_image","",""
"pokemon_jp","cmpt0ti5k0d4bq0jfnj6aykb1","S11a: Incandescent Arcana","S11a","","tcgdex_ja_match_has_no_valid_image","",""
"pokemon_jp","cmpt0tmst0dclq0jfck867bz4","S11: Lost Abyss","S11","","tcgdex_ja_match_has_no_valid_image","",""
"pokemon_jp","cmpt0t17b0cbwq0jfqujlzinx","S12a: VSTAR Universe","S12a","","tcgdex_ja_match_has_no_valid_image","",""
"pokemon_jp","cmpt0te4m0cx8q0jf3w371cyz","S12: Paradigm Trigger","S12","","tcgdex_ja_match_has_no_valid_image","",""
"pokemon_jp","cmpt0xuvo013uq0pzty85vkxi","S1a: VMAX Rising","S1a","","tcgdex_ja_match_has_no_valid_image","",""
"pokemon_jp","cmpt0xz3z0196q0pz8ixpb21k","S1H: Shield","S1H","","tcgdex_ja_match_has_no_valid_image","",""
"pokemon_jp","cmpt0y1km01dhq0pzdrkofp13","S1W: Sword","S1W","","tcgdex_ja_match_has_no_valid_image","",""
"pokemon_jp","cmpt0xmqe00q2q0pzpxyf04p5","S2a: Explosive Walker","S2a","","tcgdex_ja_match_has_no_valid_image","",""
"pokemon_jp","cmpt0xrpc00xbq0pzw93olvrd","S2: Rebellion Crash","S2","","tcgdex_ja_match_has_no_valid_image","",""
"pokemon_jp","cmpt0x9cf006vq0pzdvj53nkw","S3a: Legendary Heartbeat","S3a","","tcgdex_ja_match_has_no_valid_image","",""
"pokemon_jp","cmpt0xicr00jbq0pzmwblhum5","S3: Infinity Zone","S3","","tcgdex_ja_match_has_no_valid_image","",""
"pokemon_jp","cmpt0wmp90ixtq0jf7jfcs6xq","S4: Amazing Volt Tackle","S4","","tcgdex_ja_match_has_no_valid_image","",""
"pokemon_jp","cmpt0wb5o0i7zq0jfsbfo7p10","S4a: Shiny Star V","S4a","","tcgdex_ja_match_has_no_valid_image","",""
"pokemon_jp","cmpt0vwho0hmqq0jfoqpax91s","S5a: Peerless Fighters","S5a","","tcgdex_ja_match_has_no_valid_image","",""
"pokemon_jp","cmpt0vzaw0hs7q0jf9a4m32v2","S5I: Single Strike Master","S5I","","tcgdex_ja_match_has_no_valid_image","",""
"pokemon_jp","cmpt0w2930hxeq0jfk90uyndj","S5R: Rapid Strike Master","S5R","","tcgdex_ja_match_has_no_valid_image","",""
"pokemon_jp","cmpt0vmek0h5hq0jfpo1i0orm","S6a: Eevee Heroes","S6a","","tcgdex_ja_match_has_no_valid_image","",""
"pokemon_jp","cmpt0vqgg0hbjq0jf37tkjyl1","S6H: Silver Lance","S6H","","tcgdex_ja_match_has_no_valid_image","",""
"pokemon_jp","cmpt0vt430hgyq0jfyq9x2ozy","S6K: Jet-Black Spirit","S6K","","tcgdex_ja_match_has_no_valid_image","",""
"pokemon_jp","cmpt0vd7n0gpsq0jfi33f6ri6","S7D: Skyscraping Perfection","S7D","","tcgdex_ja_match_has_no_valid_image","",""
"pokemon_jp","cmpt0vfv80guxq0jf6oen9tz0","S7R: Blue Sky Stream","S7R","","tcgdex_ja_match_has_no_valid_image","",""
"pokemon_jp","cmpt0v65g0gd2q0jf7h8v5hd2","S8a: 25th Anniversary Collection","S8a","","tcgdex_ja_match_has_no_valid_image","",""
"pokemon_jp","cmpt0v3mp0gaeq0jfwfmmze8h","s8a-G: 25th Anniversary Golden Box","s8a-G","85:23838","no_unique_tcgdex_ja_code_or_name_match","",""
"pokemon_jp","cmpt0v8a80gg9q0jf71e2s5yo","s8a-P: Promo Card Pack 25th Anniversary Edition","s8a-P","85:23847","no_unique_tcgdex_ja_code_or_name_match","",""
"pokemon_jp","cmpt0uv630fnvq0jf4bnm9k5k","S8b: VMAX Climax","S8b","","tcgdex_ja_match_has_no_valid_image","",""
"pokemon_jp","cmpt0v9eb0ghqq0jfsmb90111","S8: Fusion Arts","S8","","tcgdex_ja_match_has_no_valid_image","",""
"pokemon_jp","cmpt0u6tt0ebrq0jfg3zwl40j","S9a: Battle Region","S9a","","tcgdex_ja_match_has_no_valid_image","",""
"pokemon_jp","cmpt0uct10elwq0jf8sqreni5","S9: Star Birth","S9","","tcgdex_ja_match_has_no_valid_image","",""
"pokemon_jp","cmpt0y66301j5q0pzfdaijzez","sA: Fighting Starter Set V","sA","85:23857","no_unique_tcgdex_ja_code_or_name_match","",""
"pokemon_jp","cmpt0y7vy01lqq0pzklmxm4k3","sA: Fire Starter Set V","sA","85:23858","no_unique_tcgdex_ja_code_or_name_match","",""
"pokemon_jp","cmpt0ya0v01o9q0pz6477srb4","sA: Grass Starter Set V","sA","85:23860","no_unique_tcgdex_ja_code_or_name_match","",""
"pokemon_jp","cmpt1plgs007jq0diiu7zgkl2","Salamence Constructed Starter Deck","","85:24126","no_unique_tcgdex_ja_code_or_name_match","",""
"pokemon_jp","cmpt0ybrb01qsq0pzjl47urc9","sA: Lightning Starter Set V","sA","85:23861","no_unique_tcgdex_ja_code_or_name_match","",""
"pokemon_jp","cmpt0yed701tdq0pz87617di1","sA: Water Starter Set V","sA","85:23862","no_unique_tcgdex_ja_code_or_name_match","",""
"pokemon_jp","cmpt0y4ck01hsq0pz87gcfnzc","sB: Sword & Shield Premium Trainer Box","sB","85:23863","no_unique_tcgdex_ja_code_or_name_match","",""
"pokemon_jp","cmpt0w6ph0i4gq0jfmn4hc3mk","sC2: Charizard Starter Set VMAX 2","sC2","85:23843","no_unique_tcgdex_ja_code_or_name_match","",""
"pokemon_jp","cmpt0ofkp03exq0jfi8gqpjm9","Scarlet & Violet Energies","","85:24420","no_unique_tcgdex_ja_code_or_name_match","",""
"pokemon_jp","cmpt0xp6j00uzq0pz2ehfbsk3","sC: Charizard Starter Set VMAX","sC","85:23854","no_unique_tcgdex_ja_code_or_name_match","",""
"pokemon_jp","cmpt0xq9l00w6q0pzim0dlxzl","sC: Grimmsnarl Starter Set VMAX","sC","85:23855","no_unique_tcgdex_ja_code_or_name_match","",""
"pokemon_jp","cmpt0xd0300c8q0pzm05e2f45","sD: V Starter Decks","sD","85:23853","no_unique_tcgdex_ja_code_or_name_match","",""
"pokemon_jp","cmpt0w7rv0i5nq0jf8x75zsxv","sEF: Venusaur Starter Set VMAX","sEF","85:23844","no_unique_tcgdex_ja_code_or_name_match","",""
"pokemon_jp","cmpt0w8tv0i6uq0jf05npdtq3","sEK: Blastoise Starter Set VMAX","sEK","85:23842","no_unique_tcgdex_ja_code_or_name_match","",""
"pokemon_jp","cmpt0w55c0i2lq0jf702ity9z","sF: Single Strike & Rapid Strike Premium Trainer Boxes","sF","85:23864","no_unique_tcgdex_ja_code_or_name_match","",""
"pokemon_jp","cmpt1l3qk003aq0dixhebom4p","Shiny Collection","SC","85:23911","no_unique_tcgdex_ja_code_or_name_match","",""
"pokemon_jp","cmpt1nu2l0060q0disgljf5wa","Shockwave! Tyranitar ex Constructed Standard Deck","","85:24092","no_unique_tcgdex_ja_code_or_name_match","",""
"pokemon_jp","cmpt0vi8m0h02q0jfu99my817","sH: Sword & Shield Family Pokemon Card Game","sH","85:23865","no_unique_tcgdex_ja_code_or_name_match","",""
"pokemon_jp","cmpt1ozp50071q0di5m15e6n5","Silver Deck Kit","","85:24113","no_unique_tcgdex_ja_code_or_name_match","",""
"pokemon_jp","cmpt0uimv0euuq0jfh7s47oh5","SI: Start Deck 100","SI","85:23859","no_unique_tcgdex_ja_code_or_name_match","",""
"pokemon_jp","cmpt0v4p70gbdq0jfvzeirs62","sJ: Zacian & Zamazenta vs Eternatus Special Deck Set","sJ","85:23839","no_unique_tcgdex_ja_code_or_name_match","",""
"pokemon_jp","cmpt0uglv0et3q0jfnyaz2e91","sK: VSTAR Premium Trainer Box","sK","85:23837","no_unique_tcgdex_ja_code_or_name_match","",""
"pokemon_jp","cmpt0uad00ejkq0jfaa6how66","sLD: Darkrai Starter Set VSTAR","sLD","85:23866","no_unique_tcgdex_ja_code_or_name_match","",""
"pokemon_jp","cmpt0ubfo0ekpq0jf4tlzal7r","sLL: Lucario Starter Set VSTAR","sLL","85:23836","no_unique_tcgdex_ja_code_or_name_match","",""
"pokemon_jp","cmpt1cid509c7q0k4yivkumpe","SM0: Pikachu's New Friends","SM0","","tcgdex_ja_match_has_no_valid_image","",""
"pokemon_jp","cmpt0zemr03uuq0pzv0zedvo1","SM10a: GG End","SM10a","85:23703","no_unique_tcgdex_ja_code_or_name_match","",""
"pokemon_jp","cmpt0zbir03pcq0pzpj1cdwmw","SM10b: Sky Legend","SM10b","","tcgdex_ja_match_has_no_valid_image","",""
"pokemon_jp","cmpt0zi3v041oq0pzmcgsae1s","SM10: Double Blaze","SM10","","tcgdex_ja_match_has_no_valid_image","",""
"pokemon_jp","cmpt0z4fu03chq0pz3bq15tj8","SM11a: Remix Bout","SM11a","","tcgdex_ja_match_has_no_valid_image","",""
"pokemon_jp","cmpt0z1t60386q0pze5s4zyya","SM11b: Dream League","SM11b","","tcgdex_ja_match_has_no_valid_image","",""
"pokemon_jp","cmpt0z6ub03h2q0pze44e8k0q","SM11: Miracle Twin","SM11","85:23690","no_unique_tcgdex_ja_code_or_name_match","",""
"pokemon_jp","cmpt0yyx5031jq0pzcl26s6xn","SM12: Alter Genesis","SM12","","tcgdex_ja_match_has_no_valid_image","",""
"pokemon_jp","cmpt0yr2q02huq0pz0q46s0tr","SM12a: TAG TEAM GX: Tag All Stars","SM12a","","tcgdex_ja_match_has_no_valid_image","",""
"pokemon_jp","cmpt1270g08ugq0pz3l35grln","sm1+: Enhanced Expansion Pack Sun & Moon","sm1+","","tcgdex_ja_match_has_no_valid_image","",""
"pokemon_jp","cmpt12ax508zhq0pzciy87269","SM1M: Collection Moon","SM1M","","tcgdex_ja_match_has_no_valid_image","",""
"pokemon_jp","cmpt12dkh093oq0pzj81yrsow","SM1S: Collection Sun","SM1S","","tcgdex_ja_match_has_no_valid_image","",""
"pokemon_jp","cmpt1292a08yjq0pzhgn6noyc","SM1+: Sun & Moon","SM1+","","tcgdex_ja_match_has_no_valid_image","",""
"pokemon_jp","cmpt11wu408gdq0pzmovia26c","SM2+: Facing a New Trial","SM2+","","tcgdex_ja_match_has_no_valid_image","",""
"pokemon_jp","cmpt120lx08m3q0pznlh7au9q","SM2K: Islands Await You","SM2K","","tcgdex_ja_match_has_no_valid_image","",""
"pokemon_jp","cmpt122g808poq0pzc4eps6kd","SM2L: Alolan Moonlight","SM2L","","tcgdex_ja_match_has_no_valid_image","",""
"pokemon_jp","cmpt11kpz07r0q0pzczfgjqax","SM3H: To Have Seen the Battle Rainbow","SM3H","","tcgdex_ja_match_has_no_valid_image","",""
"pokemon_jp","cmpt11n2y07upq0pz7yomlgl4","SM3N: Darkness that Consumes Light","SM3N","","tcgdex_ja_match_has_no_valid_image","",""
"pokemon_jp","cmpt11idw07mbq0pz686b3ywk","SM3+: Shining Legends","SM3+","","tcgdex_ja_match_has_no_valid_image","",""
"pokemon_jp","cmpt11eoc07f5q0pz1io9v4us","SM4A: Ultradimensional Beasts","SM4A","","tcgdex_ja_match_has_no_valid_image","",""
"pokemon_jp","cmpt11b9v0782q0pz5cd629hh","SM4+: GX Battle Boost","SM4+","","tcgdex_ja_match_has_no_valid_image","",""
"pokemon_jp","cmpt11gk607iqq0pzfaqwaalb","SM4S: Awakened Heroes","SM4S","","tcgdex_ja_match_has_no_valid_image","",""
"pokemon_jp","cmpt1135406wsq0pzdsgm6m7k","SM5M: Ultra Moon","SM5M","","tcgdex_ja_match_has_no_valid_image","",""
"pokemon_jp","cmpt115rm0719q0pz0ns8jg6z","SM5S: Ultra Sun","SM5S","","tcgdex_ja_match_has_no_valid_image","",""
"pokemon_jp","cmpt110o206svq0pzy84v8ep8","SM5+: Ultra Force","SM5+","","tcgdex_ja_match_has_no_valid_image","",""
"pokemon_jp","cmpt10tfq06giq0pzkq9vmy91","SM6a: Dragon Storm","SM6a","","tcgdex_ja_match_has_no_valid_image","",""
"pokemon_jp","cmpt10q3b06blq0pzqq29yycp","SM6b: Champion Road","SM6b","","tcgdex_ja_match_has_no_valid_image","",""
"pokemon_jp","cmpt10vjt06kbq0pzk34csosd","SM6: Forbidden Light","SM6","","tcgdex_ja_match_has_no_valid_image","",""
"pokemon_jp","cmpt10k2w0611q0pz2zgncpc3","SM7a: Thunderclap Spark","SM7a","","tcgdex_ja_match_has_no_valid_image","",""
"pokemon_jp","cmpt10ei605q3q0pzhhxdbsb1","SM7b: Fairy Rise","SM7b","","tcgdex_ja_match_has_no_valid_image","",""
"pokemon_jp","cmpt10met0658q0pzpov7eh7w","SM7: Sky-Splitting Charisma","SM7","","tcgdex_ja_match_has_no_valid_image","",""
"pokemon_jp","cmpt109ed05g1q0pz3vdlvszi","SM8a: Dark Order","SM8a","","tcgdex_ja_match_has_no_valid_image","",""
"pokemon_jp","cmpt101ag04wkq0pzshtp9oy8","SM8b: GX Ultra Shiny","SM8b","","tcgdex_ja_match_has_no_valid_image","",""
"pokemon_jp","cmpt10bmz05jsq0pzmvih20jj","SM8: Super-Burst Impact","SM8","","tcgdex_ja_match_has_no_valid_image","",""
"pokemon_jp","cmpt0zr2v04fmq0pzifoqq60f","SM9a: Night Unison","SM9a","","tcgdex_ja_match_has_no_valid_image","",""
"pokemon_jp","cmpt0zn66049wq0pzl169uti1","SM9b: Full Metal Wall","SM9b","","tcgdex_ja_match_has_no_valid_image","",""
"pokemon_jp","cmpt0zt3i04jnq0pzeotf5nkb","SM9: Tag Bolt","SM9","","tcgdex_ja_match_has_no_valid_image","",""
"pokemon_jp","cmpt1ceex097vq0k444cobyfq","smA: Sun & Moon Starter Set","smA","85:23879","no_unique_tcgdex_ja_code_or_name_match","",""
"pokemon_jp","cmpt1ch0o09b6q0k444sfx197","smB: Premium Trainer Box","smB","85:23878","no_unique_tcgdex_ja_code_or_name_match","",""
"pokemon_jp","cmpt124z008t9q0pzidzcu4tt","smC: Tapu Bulu-GX Enhanced Starter Set","smC","85:23882","no_unique_tcgdex_ja_code_or_name_match","",""
"pokemon_jp","cmpt11z7408keq0pzplfh2xku","smD: Ash vs Team Rocket Deck Kit","smD","85:23883","no_unique_tcgdex_ja_code_or_name_match","",""
"pokemon_jp","cmpt119oz076vq0pz7ffm1jle","smE: Solgaleo-GX & Lunala-GX Legendary Starter Set","smE","85:23884","no_unique_tcgdex_ja_code_or_name_match","",""
"pokemon_jp","cmpt118m1075qq0pz7ds1lkpq","smF: Ultra Sun & Ultra Moon Premium Trainer Box","smF","85:23885","no_unique_tcgdex_ja_code_or_name_match","",""
"pokemon_jp","cmpt10yzq06qkq0pzoejk2hti","smG: Ultra Sun & Ultra Moon Deck Build Boxes","smG","85:23886","no_unique_tcgdex_ja_code_or_name_match","",""
"pokemon_jp","cmpt10gyy05tqq0pzogeojto8","smH: GX Starter Decks","smH","85:23888","no_unique_tcgdex_ja_code_or_name_match","",""
"pokemon_jp","cmpt0zyam04sbq0pz0jfa8v6l","smI: Flareon-GX, Vaporeon-GX & Jolteon-GX Starter Sets","smI","85:23875","no_unique_tcgdex_ja_code_or_name_match","",""
"pokemon_jp","cmpt0zw9y04qcq0pza6q2ncgr","smJ: Tag Team GX Premium Trainer Box","smJ","85:23873","no_unique_tcgdex_ja_code_or_name_match","",""
"pokemon_jp","cmpt0zpov04dvq0pzdmj4fz6t","smK: Trainer Battle Decks","smK","85:23872","no_unique_tcgdex_ja_code_or_name_match","",""
"pokemon_jp","cmpt0zgo403ytq0pz8pzv6rqf","smL: Sun & Moon Family Pokemon Card Game","smL","85:23870","no_unique_tcgdex_ja_code_or_name_match","",""
"pokemon_jp","cmpt0za4603nlq0pzdssws2ho","smM: Tag Team GX Starter Sets","smM","85:23868","no_unique_tcgdex_ja_code_or_name_match","",""
"pokemon_jp","cmpt0zlun0489q0pztgq98h0g","smN: Tag Team GX Deck Build Box","smN","85:23871","no_unique_tcgdex_ja_code_or_name_match","",""
"pokemon_jp","cmpt129tr08yqq0pzwt51ha9j","smP1: Rockruff Full Power Deck","smP1","85:23877","no_unique_tcgdex_ja_code_or_name_match","",""
"pokemon_jp","cmpt0zdj103tbq0pzfewkdcsy","smP2: Great Detective Pikachu","smP2","","tcgdex_ja_match_has_no_valid_image","",""
"pokemon_jp","cmpt1cjhl09ciq0k4jr6r7x6g","SM-P: Sun & Moon Promos","SM-P","85:23881","no_unique_tcgdex_ja_code_or_name_match","",""
"pokemon_jp","cmpt11pcy07yeq0pzffjyhw8r","SM: The Best of XY","XY","85:23887","no_unique_tcgdex_ja_code_or_name_match","",""
"pokemon_jp","cmpt14rtz0a5lq0pzjyzlj3g2","SNP: Noivern BREAK Evolution Pack","SNP","85:23987","no_unique_tcgdex_ja_code_or_name_match","",""
"pokemon_jp","cmpt14sm70a66q0pz30878iqu","SNP: Raichu BREAK Evolution Pack","SNP","85:23988","no_unique_tcgdex_ja_code_or_name_match","",""
"pokemon_jp","cmpt0u5ey0eaeq0jf8d2mpw0y","sN: Start Deck 100 CoroCoro Comic Version","sN","85:23835","no_unique_tcgdex_ja_code_or_name_match","",""
"pokemon_jp","cmpt1qkxa008fq0dilgdtgfuo","Southern Island","SI","85:24019","no_unique_tcgdex_ja_code_or_name_match","",""
"pokemon_jp","cmpt0xy0p018rq0pznibb18hj","sp1: Zacian + Zamazenta Box","sp1","85:23856","no_unique_tcgdex_ja_code_or_name_match","",""
"pokemon_jp","cmpt0wllb0ixcq0jfyeauoiuc","sp2: VMAX Special Set","sp2","85:23852","no_unique_tcgdex_ja_code_or_name_match","",""
"pokemon_jp","cmpt0vpn90hbaq0jflv6oyiqg","sp4: Eevee Heroes VMAX Special Set","sp4","85:23841","no_unique_tcgdex_ja_code_or_name_match","",""
"pokemon_jp","cmpt0vcen0gp1q0jf66hl4kzc","sp5: V-UNION Special Card Sets","sp5","85:23840","no_unique_tcgdex_ja_code_or_name_match","",""
"pokemon_jp","cmpt0tlzv0dc8q0jfobl9rael","sp6: VSTAR Special Set","sp6","85:23831","no_unique_tcgdex_ja_code_or_name_match","",""
"pokemon_jp","cmpt0tqcv0djsq0jfr6fuknc8","sPD: Deoxys VSTAR & VMAX High-Class Deck","sPD","85:23832","no_unique_tcgdex_ja_code_or_name_match","",""
"pokemon_jp","cmpt0q3hi06zbq0jf4rjb6m7j","Special Box Collections","SBC","85:24425","no_unique_tcgdex_ja_code_or_name_match","",""
"pokemon_jp","cmpt1pwq2007sq0dit5e9ph6v","Split Earth","","85:23733","no_unique_tcgdex_ja_code_or_name_match","",""
"pokemon_jp","cmpt0yggg01vwq0pzyp0ayejx","S-P: Sword & Shield Promos","S-P","85:23876","no_unique_tcgdex_ja_code_or_name_match","",""
"pokemon_jp","cmpt0trpu0dkxq0jfpffzue1t","sPZ: Zeraora VSTAR & VMAX High-Class Deck","sPZ","85:23833","no_unique_tcgdex_ja_code_or_name_match","",""
"pokemon_jp","cmpt0vjxy0h31q0jfop3a9imc","SS: Gengar VMAX High-Class Deck","sGG","85:23826","no_unique_tcgdex_ja_code_or_name_match","",""
"pokemon_jp","cmpt0vlak0h46q0jf6bzj1p4o","SS: Inteleon VMAX High-Class Deck","sGI","85:23827","no_unique_tcgdex_ja_code_or_name_match","",""
"pokemon_jp","cmpt0vvp70hmdq0jfmrp4hckf","SS: Silver Lance & Jet-Black Spirit Jumbo Pack Set","sp3","85:23829","no_unique_tcgdex_ja_code_or_name_match","",""
"pokemon_jp","cmpt0n1tc00lgq0jf22gzykvl","Start Deck 100 Battle Collection","","85:24567","no_unique_tcgdex_ja_code_or_name_match","",""
"pokemon_jp","cmpt0owa604gkq0jfhk6ptqok","SV10: The Glory of Team Rocket","SV10","","tcgdex_ja_match_has_no_valid_image","",""
"pokemon_jp","cmpt0ogw203fuq0jf00ran4ci","SV11B: Black Bolt","SV11B","","tcgdex_ja_match_has_no_valid_image","",""
"pokemon_jp","cmpt0oosg03y7q0jf383opepw","SV11W: White Flare","SV11W","","tcgdex_ja_match_has_no_valid_image","",""
"pokemon_jp","cmpt0sg2c0bibq0jf61xfrb25","SV1a: Triplet Beat","SV1a","","tcgdex_ja_match_has_no_valid_image","",""
"pokemon_jp","cmpt0sucw0bzmq0jfaacu1c0i","SV1S: Scarlet ex","SV1S","","tcgdex_ja_match_has_no_valid_image","",""
"pokemon_jp","cmpt0sxng0c5rq0jfayl3b1zb","SV1V: Violet ex","SV1V","","tcgdex_ja_match_has_no_valid_image","",""
"pokemon_jp","cmpt0rwer0acuq0jfbtinzdp9","SV2a: Pokemon Card 151","SV2a","","tcgdex_ja_match_has_no_valid_image","",""
"pokemon_jp","cmpt0s8sq0b62q0jf1sgdbjd6","SV2D: Clay Burst","SV2D","","tcgdex_ja_match_has_no_valid_image","",""
"pokemon_jp","cmpt0sbvk0bbpq0jft17dak81","SV2P: Snow Hazard","SV2P","","tcgdex_ja_match_has_no_valid_image","",""
"pokemon_jp","cmpt0rhnm09ndq0jfh1liewof","SV3a: Raging Surf","SV3a","","tcgdex_ja_match_has_no_valid_image","",""
"pokemon_jp","cmpt0rm5g09utq0jfdyn9cwnw","SV3: Ruler of the Black Flame","SV3","","tcgdex_ja_match_has_no_valid_image","",""
"pokemon_jp","cmpt0qx4y08g5q0jfs88qull7","SV4a: Shiny Treasure ex","SV4a","","tcgdex_ja_match_has_no_valid_image","",""
"pokemon_jp","cmpt0r9ma09a5q0jfba7fokyt","SV4K: Ancient Roar","SV4K","","tcgdex_ja_match_has_no_valid_image","",""
"pokemon_jp","cmpt0rcul09fkq0jfdiwtwelf","SV4M: Future Flash","SV4M","","tcgdex_ja_match_has_no_valid_image","",""
"pokemon_jp","cmpt0qhhx07p4q0jfvpmd4mly","SV5a: Crimson Haze","SV5a","","tcgdex_ja_match_has_no_valid_image","",""
"pokemon_jp","cmpt0qqzb084rq0jf8ktapm4z","SV5K: Wild Force","SV5K","","tcgdex_ja_match_has_no_valid_image","",""
"pokemon_jp","cmpt0qtq908agq0jf96imjh01","SV5M: Cyber Judge","SV5M","","tcgdex_ja_match_has_no_valid_image","",""
"pokemon_jp","cmpt0q9d4079uq0jfgl1f7yyd","SV6a: Night Wanderer","SV6a","","tcgdex_ja_match_has_no_valid_image","",""
"pokemon_jp","cmpt0qedb07hlq0jfvw9f32qu","SV6: Transformation Mask","SV6","","tcgdex_ja_match_has_no_valid_image","",""
"pokemon_jp","cmpt0px6506req0jfxwerkmba","SV7a: Paradise Dragona","SV7a","","tcgdex_ja_match_has_no_valid_image","",""
"pokemon_jp","cmpt0q64q0725q0jfsfqsr6tw","SV7: Stellar Miracle","SV7","","tcgdex_ja_match_has_no_valid_image","",""
"pokemon_jp","cmpt0pa3u055uq0jfnx8t1bkk","SV8a: Terastal Fest ex","SV8a","","tcgdex_ja_match_has_no_valid_image","",""
"pokemon_jp","cmpt0pp2v0678q0jf7szsmttd","SV8: Super Electric Breaker","SV8","","tcgdex_ja_match_has_no_valid_image","",""
"pokemon_jp","cmpt0ozx504o3q0jfpfnpilgj","SV9a: Heat Wave Arena","SV9a","","tcgdex_ja_match_has_no_valid_image","",""
"pokemon_jp","cmpt0p4hk04voq0jf1p4gsbpc","SV9: Battle Partners","SV9","","tcgdex_ja_match_has_no_valid_image","",""
"pokemon_jp","cmpt0qn2t07ytq0jfm7gxnmgu","SV: Ancient Koraidon ex Starter Deck & Build Set","svHK","85:23810","no_unique_tcgdex_ja_code_or_name_match","",""
"pokemon_jp","cmpt0q02h06wrq0jfjg7w95m7","SV: Ceruledge ex Stellar Tera Type Starter Set","svL","85:23793","no_unique_tcgdex_ja_code_or_name_match","",""
"pokemon_jp","cmpt0qc7w07f7q0jfh4br32dg","SV: Chien-Pao ex Battle Master Deck","svJP","85:23795","no_unique_tcgdex_ja_code_or_name_match","",""
"pokemon_jp","cmpt0s7nq0b5nq0jf5n9fa39v","SV: ex Special Set","svP1","85:23804","no_unique_tcgdex_ja_code_or_name_match","",""
"pokemon_jp","cmpt0rs4o0a4jq0jf35izt5e1","SV: ex Start Decks","svD","85:23803","no_unique_tcgdex_ja_code_or_name_match","",""
"pokemon_jp","cmpt0qmlq07ysq0jf4zptytfh","SV: ex Starter Deck & Build Set","svH","85:23797","no_unique_tcgdex_ja_code_or_name_match","",""
"pokemon_jp","cmpt0spbd0bu0q0jfup5yh2ya","SV: ex Starter Set Fuecoco & Ampharos ex","svAW","85:23809","no_unique_tcgdex_ja_code_or_name_match","",""
"pokemon_jp","cmpt0p2a404tcq0jfzotzfiq5","SV: ex Starter Set Marnie's Morpeko & Grimmsnarl ex","SVOM","85:24231","no_unique_tcgdex_ja_code_or_name_match","",""
"pokemon_jp","cmpt0sevt0bhcq0jf3tz9xion","SV: ex Starter Set Pikachu ex & Pawmot","svC","85:23805","no_unique_tcgdex_ja_code_or_name_match","",""
"pokemon_jp","cmpt0sqiy0bv9q0jfurjzzm73","SV: ex Starter Set Quaxly & Mimikyu ex","svAM","85:23808","no_unique_tcgdex_ja_code_or_name_match","",""
"pokemon_jp","cmpt0srvr0bwmq0jfe6tw1z5a","SV: ex Starter Set Sprigatito & Lucario ex","svAM","85:23807","no_unique_tcgdex_ja_code_or_name_match","",""
"pokemon_jp","cmpt0p3d404ujq0jffb3bzj9i","SV: ex Starter Set Steven's Beldum & Metagross ex","SVOD","85:24230","no_unique_tcgdex_ja_code_or_name_match","",""
"pokemon_jp","cmpt0qp67081uq0jf37607lt4","SV: Future Miraidon ex Starter Deck & Build Set","svHM","85:23811","no_unique_tcgdex_ja_code_or_name_match","",""
"pokemon_jp","cmpt0rfh209kzq0jfnaax7e6s","SV: Mewtwo ex Terastal Starter Set","svEM","85:23799","no_unique_tcgdex_ja_code_or_name_match","",""
"pokemon_jp","cmpt0pke505wxq0jfp8orphg0","SVM: Generations Start Decks","","85:24324","no_unique_tcgdex_ja_code_or_name_match","",""
"pokemon_jp","cmpt0p7tj0539q0jf4hhsag3q","SVN: Battle Partners Deck Build Box","SVN","85:24174","no_unique_tcgdex_ja_code_or_name_match","",""
"pokemon_jp","cmpt0psdn06f1q0jf2ilevbrj","SV-P Promotional Cards","SV-P","85:23779","no_unique_tcgdex_ja_code_or_name_match","",""
"pokemon_jp","cmpt0st660bxzq0jf0ksjw0mz","SV: Premium Trainer Box ex","svB","85:23806","no_unique_tcgdex_ja_code_or_name_match","",""
"pokemon_jp","cmpt0rkkp09smq0jfqwb03acy","SV: Ruler of the Black Flame Deck Build Box","svF","85:23801","no_unique_tcgdex_ja_code_or_name_match","",""
"pokemon_jp","cmpt0rgjn09m6q0jf00qf8ofj","SV: Skeledirge ex Terastal Starter Set","svEL","85:23800","no_unique_tcgdex_ja_code_or_name_match","",""
"pokemon_jp","cmpt0q49f06zmq0jfxvuvoddc","SV: Stellar Miracle Deck Build Box","svK","","tcgdex_ja_match_has_no_valid_image","",""
"pokemon_jp","cmpt0q2f806y0q0jfpmuct2ko","SV: Sylveon ex Stellar Tera Type Starter Set","svLN","","tcgdex_ja_match_has_no_valid_image","",""
"pokemon_jp","cmpt0qda107gcq0jfr5ir2110","SV: Terastal Charizard ex Battle Master Deck","svJL","85:23796","no_unique_tcgdex_ja_code_or_name_match","",""
"pokemon_jp","cmpt0r7ro0976q0jf4q3g8fmd","SV: Venusaur, Charizard & Blastoise Special Deck Set","svG","85:23812","no_unique_tcgdex_ja_code_or_name_match","",""
"pokemon_jp","cmpt1l7hj003eq0dieaa1gja7","Team Plasma Battle Gift Set","PBG","85:23949","no_unique_tcgdex_ja_code_or_name_match","",""
"pokemon_jp","cmpt1lbnj003jq0di95mdo33l","Team Plasma's Powered Half Deck","PPD","85:23945","no_unique_tcgdex_ja_code_or_name_match","",""
"pokemon_jp","cmpt1pxms007tq0di3a06grdv","Theater Limited VS Pack","","85:24150","no_unique_tcgdex_ja_code_or_name_match","",""
"pokemon_jp","cmpt1q0yx007vq0di2bamo0c8","The Town on No Map","","85:23731","no_unique_tcgdex_ja_code_or_name_match","",""
"pokemon_jp","cmpt1pqv1007nq0di6irscvw5","Torchic Constructed Starter Deck","","85:24132","no_unique_tcgdex_ja_code_or_name_match","",""
"pokemon_jp","cmpt1q3c5007xq0dimuzgykuk","T Promotional cards","","85:24157","no_unique_tcgdex_ja_code_or_name_match","",""
"pokemon_jp","cmpt1o0ys0065q0di83z4nix2","Trainer Prize Cards","","85:24521","no_unique_tcgdex_ja_code_or_name_match","",""
"pokemon_jp","cmpt1prov007oq0di3cpjyyz4","Treecko Constructed Starter Deck","","85:24133","no_unique_tcgdex_ja_code_or_name_match","",""
"pokemon_jp","cmpt0sj650bo6q0jfa2wt1yvk","Triple Starter Deck Set VMAX","","85:24468","no_unique_tcgdex_ja_code_or_name_match","",""
"pokemon_jp","cmpt1oluh006qq0dirbv2lavd","Typhlosion Constructed Starter Deck","","85:24106","no_unique_tcgdex_ja_code_or_name_match","",""
"pokemon_jp","cmpt1pasz007aq0di81vz1y4d","Undone Seal","","85:24119","no_unique_tcgdex_ja_code_or_name_match","",""
"pokemon_jp","cmpt1r7fb0092q0dium77ii02","Unnumbered Promotional cards","","85:24172","no_unique_tcgdex_ja_code_or_name_match","",""
"pokemon_jp","cmpt1r89p0093q0diumzzypn2","Unnumbered World Championships","","85:24205","no_unique_tcgdex_ja_code_or_name_match","",""
"pokemon_jp","cmpt1r92e0094q0diaicaqzki","Vending Machine cards Series 1 (Blue)","","85:24206","no_unique_tcgdex_ja_code_or_name_match","",""
"pokemon_jp","cmpt1r9wo0095q0di8l24buwk","Vending Machine cards Series 2 (Red)","","85:24207","no_unique_tcgdex_ja_code_or_name_match","",""
"pokemon_jp","cmpt1rav50096q0di5fhrt3gf","Vending Machine cards Series 3 (Green)","","85:24208","no_unique_tcgdex_ja_code_or_name_match","",""
"pokemon_jp","cmpt1ot6r006wq0diu9kjrjue","Water Quick Construction Pack","","85:24112","no_unique_tcgdex_ja_code_or_name_match","",""
"pokemon_jp","cmpt0rqf20a2sq0jfz43t5apf","WCS23: 2023 World Championships Yokohama Deck: Pikachu","WCS23","85:23802","no_unique_tcgdex_ja_code_or_name_match","",""
"pokemon_jp","cmpt1pzth007uq0diqua4wojq","Wind from the Sea","","85:23732","no_unique_tcgdex_ja_code_or_name_match","",""
"pokemon_jp","cmpt1nen9005pq0di7loffyl5","World Champions Pack","","85:24053","no_unique_tcgdex_ja_code_or_name_match","",""
"pokemon_jp","cmpt1rbo50097q0dift3btnzz","World Hobby Fair","","85:24200","no_unique_tcgdex_ja_code_or_name_match","",""
"pokemon_jp","cmpt1krmw002zq0diu6cd5c6m","Xerneas Half Deck","X30","85:23980","no_unique_tcgdex_ja_code_or_name_match","",""
"pokemon_jp","cmpt14df509m2q0pzecidgb3g","XY10: Awakening Psychic King","XY10","","tcgdex_ja_match_has_no_valid_image","",""
"pokemon_jp","cmpt140qx097vq0pz71og8snv","XY11-Bb: Fever-Burst Fighter","XY11-Bb","85:23916","no_unique_tcgdex_ja_code_or_name_match","",""
"pokemon_jp","cmpt146h709aqq0pzhtuxjpz1","XY11-Br: Cruel Traitor","XY11-Br","85:23917","no_unique_tcgdex_ja_code_or_name_match","",""
"pokemon_jp","cmpt1kpfr002xq0diunen9anv","XY2: Wild Blaze","XY2","","tcgdex_ja_match_has_no_valid_image","",""
"pokemon_jp","cmpt1ko7i002wq0diry0illa8","XY3: Rising Fist","XY3","","tcgdex_ja_match_has_no_valid_image","",""
"pokemon_jp","cmpt1km2o002uq0diok5l7iy2","XY4: Phantom Gate","XY4","","tcgdex_ja_match_has_no_valid_image","",""
"pokemon_jp","cmpt1ki48002rq0diq8j44mf3","XY5-Bg: Gaia Volcano","XY5-Bg","85:23921","no_unique_tcgdex_ja_code_or_name_match","",""
"pokemon_jp","cmpt1kjmq002sq0dievcyfnlz","XY5-Bt: Tidal Storm","XY5-Bt","85:23922","no_unique_tcgdex_ja_code_or_name_match","",""
"pokemon_jp","cmpt159av0asoq0pzkj7dl4wv","XY6: Emerald Break","XY6","","tcgdex_ja_match_has_no_valid_image","",""
"pokemon_jp","cmpt156820an9q0pzafseqfka","XY7: Bandit Ring","XY7","","tcgdex_ja_match_has_no_valid_image","",""
"pokemon_jp","cmpt14u1r0a6rq0pzu2yifvsj","XY8-Bb: Blue Shock","XY8-Bb","85:23925","no_unique_tcgdex_ja_code_or_name_match","",""
"pokemon_jp","cmpt14x7p0aaeq0pzimc9jgdq","XY8-Br: Red Flash","XY8-Br","85:23926","no_unique_tcgdex_ja_code_or_name_match","",""
"pokemon_jp","cmpt14na309znq0pzoecf79wt","XY9: Rage of the Broken Heavens","XY9","","tcgdex_ja_match_has_no_valid_image","",""
"pokemon_jp","cmpt1kqup002yq0divdoy2fzz","XYA: M Charizard-EX Mega Battle Deck","XYA","85:23958","no_unique_tcgdex_ja_code_or_name_match","",""
"pokemon_jp","cmpt1kmzq002vq0dis4ku86i3","XYB: Dialga-EX + Aegislash-EX Hyper Metal Chain Deck","XYB","85:23959","no_unique_tcgdex_ja_code_or_name_match","",""
"pokemon_jp","cmpt1kvsi0033q0dilj3tpq2q","XY Beginning Set","HXY","85:23983","no_unique_tcgdex_ja_code_or_name_match","",""
"pokemon_jp","cmpt1kttc0031q0dizn1qfjg6","XY-Bx: Collection X","XY-Bx","85:23914","no_unique_tcgdex_ja_code_or_name_match","",""
"pokemon_jp","cmpt1kute0032q0dip3fst6r4","XY-By: Collection Y","XY-By","85:23915","no_unique_tcgdex_ja_code_or_name_match","",""
"pokemon_jp","cmpt1kkuc002tq0dikdpwm1f1","XYC: Super Legend Set: Xerneas-EX & Yveltal-EX","XYC","85:23960","no_unique_tcgdex_ja_code_or_name_match","",""
"pokemon_jp","cmpt1kffz002pq0disb4t2zo3","XYD: M Rayquaza-EX Mega Battle Deck","XYD","85:23961","no_unique_tcgdex_ja_code_or_name_match","",""
"pokemon_jp","cmpt1551z0am0q0pzs6w87msc","XYE: Emboar-EX vs Togekiss-EX Deck Kit","XYE","85:23962","no_unique_tcgdex_ja_code_or_name_match","",""
"pokemon_jp","cmpt14qgd0a4mq0pzfxwjtgc2","XYF: Golduck BREAK + Palkia-EX Combo Deck","XYF","85:23965","no_unique_tcgdex_ja_code_or_name_match","",""
"pokemon_jp","cmpt14geq09qzq0pzyhtfyfw7","XYG: Zygarde-EX Perfect Battle Deck","XYG","85:23968","no_unique_tcgdex_ja_code_or_name_match","",""
"pokemon_jp","cmpt14hrh09s2q0pzl83r4xxx","XYH: M Audino-EX Mega Battle Deck","XYH","85:23969","no_unique_tcgdex_ja_code_or_name_match","",""
"pokemon_jp","cmpt1ky0z0034q0diji5eiiwp","XY-P: XY Promos","XY-P","85:23908","no_unique_tcgdex_ja_code_or_name_match","",""
"pokemon_jp","cmpt1ksf10030q0diuagx160a","Yveltal Half Deck","Y30","85:23971","no_unique_tcgdex_ja_code_or_name_match","",""
"pokemon_jp","cmprevnm904ostmyo1f5aou2x","Arceus LV.X Deck: Grass & Fire","Pt","24054","no_unique_tcgdex_ja_code_or_name_match","",""
"pokemon_jp","cmprevpak04pttmyoosonuwaa","Arceus LV.X Deck: Lightning & Psychic","Pt","24055","no_unique_tcgdex_ja_code_or_name_match","",""
"pokemon_jp","cmprdng34088btmro17692ia4","Battle Academy","svI","23822","no_unique_tcgdex_ja_code_or_name_match","",""
"pokemon_jp","cmprej439060itmxcw1adx701","CP6: Expansion Pack 20th Anniversary","CP6","","tcgdex_ja_match_has_no_valid_image","",""
"pokemon_jp","cmproxvvp03iutmggdw8y6y2z","Expansion Pack","","23721","no_unique_tcgdex_ja_code_or_name_match","",""
"pokemon_jp","cmpropie50383tmywp29zqjzb","Fire Quick Construction Pack","","24108","no_unique_tcgdex_ja_code_or_name_match","",""
"pokemon_jp","cmprosmt10000tmggx4k99o4t","Flygon Constructed Starter Deck","","24125","no_unique_tcgdex_ja_code_or_name_match","",""
"pokemon_jp","cmprdbzls006ltmrobrc5xyud","Limited Collection Master Battle Set","","24489","no_unique_tcgdex_ja_code_or_name_match","",""
"pokemon_jp","cmprdgonh03hxtmroo7unwxbb","m1L: Mega Brave","m1L","","tcgdex_ja_match_has_no_valid_image","",""
"pokemon_jp","cmprdgw8t03n8tmrogs6hr16r","m1S: Mega Symphonia","m1S","","tcgdex_ja_match_has_no_valid_image","",""
"pokemon_jp","cmprdf4en02e6tmromn0f7olh","M2a: High Class Pack: MEGA Dream ex","M2a","24499","no_unique_tcgdex_ja_code_or_name_match","",""
"pokemon_jp","cmprdg63j035btmroq9dx93qq","M2: Inferno X","M2","","tcgdex_ja_match_has_no_valid_image","",""
"pokemon_jp","cmprdcu3q00qwtmro4mhd2bk3","M3: Nihil Zero","M3","","tcgdex_ja_match_has_no_valid_image","",""
"pokemon_jp","cmprdckeu00k3tmrosxg9hs8y","M4: Ninja Spinner","m4","24653","no_unique_tcgdex_ja_code_or_name_match","",""
"pokemon_jp","cmprorhda04ixtmywnauzombu","Magma Deck Kit","","24123","no_unique_tcgdex_ja_code_or_name_match","",""
"pokemon_jp","cmprdghly03d7tmrotbyugvi1","MBD: MEGA Starter Set Mega Diancie ex","MBD","24445","no_unique_tcgdex_ja_code_or_name_match","",""
"pokemon_jp","cmprdgfci03bwtmro18fa59oh","MBG: MEGA Starter Set Mega Gengar ex","MBG","24444","no_unique_tcgdex_ja_code_or_name_match","",""
"pokemon_jp","cmprooy2302wztmywty7bb2vi","Mirage's Mew Constructed Starter Deck","","24102","no_unique_tcgdex_ja_code_or_name_match","",""
"pokemon_jp","cmpronz6802aatmywd7sb4h2n","Ocean's Kyogre ex Constructed Starter Deck","","24083","no_unique_tcgdex_ja_code_or_name_match","",""
"pokemon_jp","cmprout9a01fmtmggza5ittpv","Pokemon-e Starter Deck","","24167","no_unique_tcgdex_ja_code_or_name_match","",""
"pokemon_jp","cmproxrth03g3tmgg1o59a8le","Pokemon Jungle","","23722","no_unique_tcgdex_ja_code_or_name_match","",""
"pokemon_jp","cmprdt3ns0c46tmrosv7562gp","Pokemon TCG Classic: Charizard","CLL","23818","no_unique_tcgdex_ja_code_or_name_match","",""
"pokemon_jp","cmprdwp7101y3tmw4q9pymiyq","S10a: Dark Phantasma","S10a","","tcgdex_ja_match_has_no_valid_image","",""
"pokemon_jp","cmprdwgnq01s4tmw4o19rvahi","S10b: Pokemon GO","S10b","","tcgdex_ja_match_has_no_valid_image","",""
"pokemon_jp","cmprdx0z5026gtmw4y0gxj6h3","S10D: Time Gazer","S10D","","tcgdex_ja_match_has_no_valid_image","",""
"pokemon_jp","cmprdx85h02bhtmw4fly91vjg","S10P: Space Juggler","S10P","","tcgdex_ja_match_has_no_valid_image","",""
"pokemon_jp","cmprdvqxk01abtmw4wufp3ya1","S11a: Incandescent Arcana","S11a","","tcgdex_ja_match_has_no_valid_image","",""
"pokemon_jp","cmprdw2uu01iltmw4oebtiw5w","S11: Lost Abyss","S11","","tcgdex_ja_match_has_no_valid_image","",""
"pokemon_jp","cmprdumyz00hwtmw4jqn0lc1o","S12a: VSTAR Universe","S12a","","tcgdex_ja_match_has_no_valid_image","",""
"pokemon_jp","cmprdvgvy0138tmw4bhi3hh1l","S12: Paradigm Trigger","S12","","tcgdex_ja_match_has_no_valid_image","",""
"pokemon_jp","cmpre5obb087xtmw4g9fomco6","S1a: VMAX Rising","S1a","","tcgdex_ja_match_has_no_valid_image","",""
"pokemon_jp","cmpre5w1x08d9tmw4gtp9ixw7","S1H: Shield","S1H","","tcgdex_ja_match_has_no_valid_image","",""
"pokemon_jp","cmpre644l08hktmw4hfwy0s19","S1W: Sword","S1W","","tcgdex_ja_match_has_no_valid_image","",""
"pokemon_jp","cmpre54ck07u3tmw403uhtbnx","S2a: Explosive Walker","S2a","","tcgdex_ja_match_has_no_valid_image","",""
"pokemon_jp","cmpre5f0z081ctmw4gmnn5wio","S2: Rebellion Crash","S2","","tcgdex_ja_match_has_no_valid_image","",""
"pokemon_jp","cmpre4dc907awtmw4na6kam8e","S3a: Legendary Heartbeat","S3a","","tcgdex_ja_match_has_no_valid_image","",""
"pokemon_jp","cmpre4ut407nctmw4quq9xrsf","S3: Infinity Zone","S3","","tcgdex_ja_match_has_no_valid_image","",""
"pokemon_jp","cmpre43l00741tmw4ir1ycdxf","S4: Amazing Volt Tackle","S4","","tcgdex_ja_match_has_no_valid_image","",""
"pokemon_jp","cmpre33w006e7tmw4j0h2pblx","S4a: Shiny Star V","S4a","","tcgdex_ja_match_has_no_valid_image","",""
"pokemon_jp","cmpre293205swtmw4bsmef805","S5a: Peerless Fighters","S5a","","tcgdex_ja_match_has_no_valid_image","",""
"pokemon_jp","cmpre2gwp05yftmw4lgloiaw0","S5I: Single Strike Master","S5I","","tcgdex_ja_match_has_no_valid_image","",""
"pokemon_jp","cmpre2o8j063mtmw48q7jehk6","S5R: Rapid Strike Master","S5R","","tcgdex_ja_match_has_no_valid_image","",""
"pokemon_jp","cmpre1k9b05bltmw4pznu6jal","S6a: Eevee Heroes","S6a","","tcgdex_ja_match_has_no_valid_image","",""
"pokemon_jp","cmpre1t7205hptmw45sxag2yr","S6H: Silver Lance","S6H","","tcgdex_ja_match_has_no_valid_image","",""
"pokemon_jp","cmpre20tk05n4tmw4knrbuyl1","S6K: Jet-Black Spirit","S6K","","tcgdex_ja_match_has_no_valid_image","",""
"pokemon_jp","cmpre0xhb04vwtmw46h7pkrvp","S7D: Skyscraping Perfection","S7D","","tcgdex_ja_match_has_no_valid_image","",""
"pokemon_jp","cmpre14rz0511tmw4xro1nnxe","S7R: Blue Sky Stream","S7R","","tcgdex_ja_match_has_no_valid_image","",""
"pokemon_jp","cmpre0het04kntmw4m5raokrb","S8a: 25th Anniversary Collection","S8a","","tcgdex_ja_match_has_no_valid_image","",""
"pokemon_jp","cmpre09gt04gitmw4xwertxwh","s8a-G: 25th Anniversary Golden Box","s8a-G","23838","no_unique_tcgdex_ja_code_or_name_match","",""
"pokemon_jp","cmpre0eva04j6tmw4eaxvwnyl","s8a-P: Promo Card Pack 25th Anniversary Edition","s8a-P","23847","no_unique_tcgdex_ja_code_or_name_match","",""
"pokemon_jp","cmprdzdc203tztmw4o0cxxhhe","S8b: VMAX Climax","S8b","","tcgdex_ja_match_has_no_valid_image","",""
"pokemon_jp","cmpre0m0h04nutmw4xppq53xj","S8: Fusion Arts","S8","","tcgdex_ja_match_has_no_valid_image","",""
"pokemon_jp","cmprdxhj402hvtmw44q4xcss3","S9a: Battle Region","S9a","","tcgdex_ja_match_has_no_valid_image","",""
"pokemon_jp","cmprdxw7c02s0tmw48oftbitc","S9: Star Birth","S9","","tcgdex_ja_match_has_no_valid_image","",""
"pokemon_jp","cmprostit0048tmggrjg8y4iw","Salamence Constructed Starter Deck","","24126","no_unique_tcgdex_ja_code_or_name_match","",""
"pokemon_jp","cmprdy8yw030ytmw46lt451mg","SI: Start Deck 100","SI","23859","no_unique_tcgdex_ja_code_or_name_match","",""
"pokemon_jp","cmprdy6cm02z7tmw4x4ms8oez","sK: VSTAR Premium Trainer Box","sK","23837","no_unique_tcgdex_ja_code_or_name_match","",""
"pokemon_jp","cmprei7zp05detmxcz90g3ei0","SM0: Pikachu's New Friends","SM0","","tcgdex_ja_match_has_no_valid_image","",""
"pokemon_jp","cmpre9oc40ayxtmw4ui1xlse9","SM10a: GG End","SM10a","23703","no_unique_tcgdex_ja_code_or_name_match","",""
"pokemon_jp","cmpre9gfm0atftmw4b1btwxbd","SM10b: Sky Legend","SM10b","","tcgdex_ja_match_has_no_valid_image","",""
"pokemon_jp","cmpreal6z002vtmxcpunhg238","SM10: Double Blaze","SM10","","tcgdex_ja_match_has_no_valid_image","",""
"pokemon_jp","cmpre8y4f0agktmw433x76hrr","SM11a: Remix Bout","SM11a","","tcgdex_ja_match_has_no_valid_image","",""
"pokemon_jp","cmpre8s0q0ac9tmw4cazmmc3s","SM11b: Dream League","SM11b","","tcgdex_ja_match_has_no_valid_image","",""
"pokemon_jp","cmpre94m60al5tmw4r2eaz7ia","SM11: Miracle Twin","SM11","23690","no_unique_tcgdex_ja_code_or_name_match","",""
"pokemon_jp","cmpre8iq40a5mtmw4dqdfm816","SM12: Alter Genesis","SM12","","tcgdex_ja_match_has_no_valid_image","",""
"pokemon_jp","cmpre7r5d09lxtmw4n2rdf4zr","SM12a: TAG TEAM GX: Tag All Stars","SM12a","","tcgdex_ja_match_has_no_valid_image","",""
"pokemon_jp","cmprehplw050otmxcwb2e28kq","SM1M: Collection Moon","SM1M","","tcgdex_ja_match_has_no_valid_image","",""
"pokemon_jp","cmprehvk2054vtmxc4tu8vav7","SM1S: Collection Sun","SM1S","","tcgdex_ja_match_has_no_valid_image","",""
"pokemon_jp","cmprehno504zqtmxcn7f4d29h","SM1+: Sun & Moon","SM1+","","tcgdex_ja_match_has_no_valid_image","",""
"pokemon_jp","cmpregxh104hktmxccl3aeb61","SM2+: Facing a New Trial","SM2+","","tcgdex_ja_match_has_no_valid_image","",""
"pokemon_jp","cmpreh5x704natmxcrto95uvw","SM2K: Islands Await You","SM2K","","tcgdex_ja_match_has_no_valid_image","",""
"pokemon_jp","cmprehb1n04qvtmxc9lqsf73n","SM2L: Alolan Moonlight","SM2L","","tcgdex_ja_match_has_no_valid_image","",""
"pokemon_jp","cmprefwkw03s7tmxchfq59g81","SM3H: To Have Seen the Battle Rainbow","SM3H","","tcgdex_ja_match_has_no_valid_image","",""
"pokemon_jp","cmpreg1yx03vwtmxc34llo52u","SM3N: Darkness that Consumes Light","SM3N","","tcgdex_ja_match_has_no_valid_image","",""
"pokemon_jp","cmprefpxd03nitmxcuf0e9g65","SM3+: Shining Legends","SM3+","","tcgdex_ja_match_has_no_valid_image","",""
"pokemon_jp","cmpreffip03gctmxc1d1n4ipy","SM4A: Ultradimensional Beasts","SM4A","","tcgdex_ja_match_has_no_valid_image","",""
"pokemon_jp","cmpref5hp0399tmxcg2xhbdc7","SM4+: GX Battle Boost","SM4+","","tcgdex_ja_match_has_no_valid_image","",""
"pokemon_jp","cmprefknz03jxtmxc24tu8hgc","SM4S: Awakened Heroes","SM4S","","tcgdex_ja_match_has_no_valid_image","",""
"pokemon_jp","cmpreep0x02xztmxcayxgflfm","SM5M: Ultra Moon","SM5M","","tcgdex_ja_match_has_no_valid_image","",""
"pokemon_jp","cmpreevfv032gtmxcxvp5lq4u","SM5S: Ultra Sun","SM5S","","tcgdex_ja_match_has_no_valid_image","",""
"pokemon_jp","cmpreejbi02u2tmxc126ceqfd","SM5+: Ultra Force","SM5+","","tcgdex_ja_match_has_no_valid_image","",""
"pokemon_jp","cmpree1b002hptmxcnen83k58","SM6a: Dragon Storm","SM6a","","tcgdex_ja_match_has_no_valid_image","",""
"pokemon_jp","cmpredu4t02cstmxc6oduu866","SM6b: Champion Road","SM6b","","tcgdex_ja_match_has_no_valid_image","",""
"pokemon_jp","cmpree6xj02litmxc79pttj3w","SM6: Forbidden Light","SM6","","tcgdex_ja_match_has_no_valid_image","",""
"pokemon_jp","cmpredf5z0228tmxce2zrpvgm","SM7a: Thunderclap Spark","SM7a","","tcgdex_ja_match_has_no_valid_image","",""
"pokemon_jp","cmpreczll01ratmxcu5nkt0j8","SM7b: Fairy Rise","SM7b","","tcgdex_ja_match_has_no_valid_image","",""
"pokemon_jp","cmpredl55026ftmxcp9qco6sp","SM7: Sky-Splitting Charisma","SM7","","tcgdex_ja_match_has_no_valid_image","",""
"pokemon_jp","cmprecl8701h8tmxcvf4uhrt2","SM8a: Dark Order","SM8a","","tcgdex_ja_match_has_no_valid_image","",""
"pokemon_jp","cmprebu1t00xrtmxcwrl7wz49","SM8b: GX Ultra Shiny","SM8b","","tcgdex_ja_match_has_no_valid_image","",""
"pokemon_jp","cmprecqr701kztmxc1hwrapis","SM8: Super-Burst Impact","SM8","","tcgdex_ja_match_has_no_valid_image","",""
"pokemon_jp","cmpreb5fs00gttmxcwe1kjkro","SM9a: Night Unison","SM9a","","tcgdex_ja_match_has_no_valid_image","",""
"pokemon_jp","cmpreax2e00b3tmxce8ipbt76","SM9b: Full Metal Wall","SM9b","","tcgdex_ja_match_has_no_valid_image","",""
"pokemon_jp","cmprebb5n00kutmxcovad6jbr","SM9: Tag Bolt","SM9","","tcgdex_ja_match_has_no_valid_image","",""
"pokemon_jp","cmpre9m1j0axetmw4xfl9y0sq","smP2: Great Detective Pikachu","smP2","","tcgdex_ja_match_has_no_valid_image","",""
"pokemon_jp","cmprdm6w907cztmrogp3tcrfa","Special Box Collections","SBC","24425","no_unique_tcgdex_ja_code_or_name_match","",""
"pokemon_jp","cmpre6wa208zztmw4q6f6d235","S-P: Sword & Shield Promos","S-P","23876","no_unique_tcgdex_ja_code_or_name_match","",""
"pokemon_jp","cmprdd5qs00ywtmrovb792bhp","Start Deck 100 Battle Collection","","24567","no_unique_tcgdex_ja_code_or_name_match","",""
"pokemon_jp","cmprdiksr04u6tmrobrnkr5p6","SV10: The Glory of Team Rocket","SV10","","tcgdex_ja_match_has_no_valid_image","",""
"pokemon_jp","cmprdh51p03tetmro9ggi5dza","SV11B: Black Bolt","SV11B","","tcgdex_ja_match_has_no_valid_image","",""
"pokemon_jp","cmprdhufc04bttmropv81c40j","SV11W: White Flare","SV11W","","tcgdex_ja_match_has_no_valid_image","",""
"pokemon_jp","cmprdss6w0bwbtmromz4cbouy","SV1a: Triplet Beat","SV1a","","tcgdex_ja_match_has_no_valid_image","",""
"pokemon_jp","cmprdu5k9005mtmw43c0p6s7p","SV1S: Scarlet ex","SV1S","","tcgdex_ja_match_has_no_valid_image","",""
"pokemon_jp","cmprdue8300brtmw4hepas94s","SV1V: Violet ex","SV1V","","tcgdex_ja_match_has_no_valid_image","",""
"pokemon_jp","cmprdr58c0aqmtmrojfpii65d","SV2a: Pokemon Card 151","SV2a","","tcgdex_ja_match_has_no_valid_image","",""
"pokemon_jp","cmprdsagi0bk2tmrozupuktes","SV2D: Clay Burst","SV2D","","tcgdex_ja_match_has_no_valid_image","",""
"pokemon_jp","cmprdsil70bpptmroajknmf92","SV2P: Snow Hazard","SV2P","","tcgdex_ja_match_has_no_valid_image","",""
"pokemon_jp","cmprdq4xc0a15tmro4l8bmb7g","SV3a: Raging Surf","SV3a","","tcgdex_ja_match_has_no_valid_image","",""
"pokemon_jp","cmprdqfnr0a8ltmrom8f0nfyj","SV3: Ruler of the Black Flame","SV3","","tcgdex_ja_match_has_no_valid_image","",""
"pokemon_jp","cmprdodzk08txtmro8ntmo4gw","SV4a: Shiny Treasure ex","SV4a","","tcgdex_ja_match_has_no_valid_image","",""
"pokemon_jp","cmprdplsz09nxtmrocswcbtf5","SV4K: Ancient Roar","SV4K","","tcgdex_ja_match_has_no_valid_image","",""
"pokemon_jp","cmprdptfw09tctmropey2gb43","SV4M: Future Flash","SV4M","","tcgdex_ja_match_has_no_valid_image","",""
"pokemon_jp","cmprdn7w1082stmrojqv3ptqt","SV5a: Crimson Haze","SV5a","","tcgdex_ja_match_has_no_valid_image","",""
"pokemon_jp","cmprdnxte08ijtmroupl0r96x","SV5K: Wild Force","SV5K","","tcgdex_ja_match_has_no_valid_image","",""
"pokemon_jp","cmprdo5vn08o8tmro99zth6vv","SV5M: Cyber Judge","SV5M","","tcgdex_ja_match_has_no_valid_image","",""
"pokemon_jp","cmprdmlzb07nitmrohlrkle54","SV6a: Night Wanderer","SV6a","","tcgdex_ja_match_has_no_valid_image","",""
"pokemon_jp","cmprdmxan07v9tmrovwvdk91r","SV6: Transformation Mask","SV6","","tcgdex_ja_match_has_no_valid_image","",""
"pokemon_jp","cmprdlu0y0752tmro64hq84x9","SV7a: Paradise Dragona","SV7a","","tcgdex_ja_match_has_no_valid_image","",""
"pokemon_jp","cmprdmb6j07fttmrotmiologs","SV7: Stellar Miracle","SV7","","tcgdex_ja_match_has_no_valid_image","",""
"pokemon_jp","cmprdjlku05jgtmrotyn0yb6s","SV8a: Terastal Fest ex","SV8a","","tcgdex_ja_match_has_no_valid_image","",""
"pokemon_jp","cmprdlj0s06x9tmrohlihmj5y","SV8: Super Electric Breaker","SV8","","tcgdex_ja_match_has_no_valid_image","",""
"pokemon_jp","cmprdivrz051ptmro21t4fqbt","SV9a: Heat Wave Arena","SV9a","","tcgdex_ja_match_has_no_valid_image","",""
"pokemon_jp","cmprdj710059atmronxd652ra","SV9: Battle Partners","SV9","","tcgdex_ja_match_has_no_valid_image","",""
"pokemon_jp","cmprdnp5j08cltmrovyc9cd4r","SV: Ancient Koraidon ex Starter Deck & Build Set","svHK","23810","no_unique_tcgdex_ja_code_or_name_match","",""
"pokemon_jp","cmprdm2w007aftmrogr524vt0","SV: Ceruledge ex Stellar Tera Type Starter Set","svL","23793","no_unique_tcgdex_ja_code_or_name_match","",""
"pokemon_jp","cmprdmtm407svtmro8crumqy8","SV: Chien-Pao ex Battle Master Deck","svJP","23795","no_unique_tcgdex_ja_code_or_name_match","",""
"pokemon_jp","cmprds9kw0bjltmroz7gzhahk","SV: ex Special Set","svP1","23804","no_unique_tcgdex_ja_code_or_name_match","",""
"pokemon_jp","cmprdqti30aibtmroz5rb1932","SV: ex Start Decks","svD","23803","no_unique_tcgdex_ja_code_or_name_match","",""
"pokemon_jp","cmprdtwsg0000tmw4m53z6q6e","SV: ex Starter Set Fuecoco & Ampharos ex","svAW","23809","no_unique_tcgdex_ja_code_or_name_match","",""
"pokemon_jp","cmprdj37c056ytmroujhvu8ks","SV: ex Starter Set Marnie's Morpeko & Grimmsnarl ex","SVOM","24231","no_unique_tcgdex_ja_code_or_name_match","",""
"pokemon_jp","cmprdsqmp0bvctmrotfjoucvq","SV: ex Starter Set Pikachu ex & Pawmot","svC","23805","no_unique_tcgdex_ja_code_or_name_match","",""
"pokemon_jp","cmprdtyxz0019tmw4sk571pj6","SV: ex Starter Set Quaxly & Mimikyu ex","svAM","23808","no_unique_tcgdex_ja_code_or_name_match","",""
"pokemon_jp","cmprdu112002mtmw4mcmmc891","SV: ex Starter Set Sprigatito & Lucario ex","svAM","23807","no_unique_tcgdex_ja_code_or_name_match","",""
"pokemon_jp","cmprdj59g0585tmroltvt9jae","SV: ex Starter Set Steven's Beldum & Metagross ex","SVOD","24230","no_unique_tcgdex_ja_code_or_name_match","",""
"pokemon_jp","cmprdntml08fmtmrockgsjje4","SV: Future Miraidon ex Starter Deck & Build Set","svHM","23811","no_unique_tcgdex_ja_code_or_name_match","",""
"pokemon_jp","cmprdq16j09yrtmro76okv2t3","SV: Mewtwo ex Terastal Starter Set","svEM","23799","no_unique_tcgdex_ja_code_or_name_match","",""
"pokemon_jp","cmprdkn9306ajtmrouhog42w5","SVM: Generations Start Decks","","24324","no_unique_tcgdex_ja_code_or_name_match","",""
"pokemon_jp","cmprdjhr305gvtmroq0lp0mt4","SVN: Battle Partners Deck Build Box","SVN","24174","no_unique_tcgdex_ja_code_or_name_match","",""
"pokemon_jp","cmprdl1p506kutmro5xhtkhty","SV-P Promotional Cards","SV-P","23779","no_unique_tcgdex_ja_code_or_name_match","",""
"pokemon_jp","cmprdu33t003ztmw4mymx6of4","SV: Premium Trainer Box ex","svB","23806","no_unique_tcgdex_ja_code_or_name_match","",""
"pokemon_jp","cmprdqcer0a6etmroh03zlq1q","SV: Ruler of the Black Flame Deck Build Box","svF","23801","no_unique_tcgdex_ja_code_or_name_match","",""
"pokemon_jp","cmprdq32z09zytmrouag1ugf6","SV: Skeledirge ex Terastal Starter Set","svEL","23800","no_unique_tcgdex_ja_code_or_name_match","",""
"pokemon_jp","cmprdm4we07botmrossa1sfiy","SV: Sylveon ex Stellar Tera Type Starter Set","svLN","","tcgdex_ja_match_has_no_valid_image","",""
"pokemon_jp","cmprdmvdy07u0tmro4e1955nc","SV: Terastal Charizard ex Battle Master Deck","svJL","23796","no_unique_tcgdex_ja_code_or_name_match","",""
"pokemon_jp","cmprdph6c09kytmro7h6r3q88","SV: Venusaur, Charizard & Blastoise Special Deck Set","svG","23812","no_unique_tcgdex_ja_code_or_name_match","",""
"pokemon_jp","cmprdt0h80c26tmrox0ouzubk","Triple Starter Deck Set VMAX","","24468","no_unique_tcgdex_ja_code_or_name_match","",""
"pokemon_jp","cmprdqquw0agktmrozakavol5","WCS23: 2023 World Championships Yokohama Deck: Pikachu","WCS23","23802","no_unique_tcgdex_ja_code_or_name_match","",""
"pokemon_jp","cmprem1j0081itmxc7w6kj9lv","XY5-Bg: Gaia Volcano","XY5-Bg","23921","no_unique_tcgdex_ja_code_or_name_match","",""
"pokemon_jp","cmprem8100861tmxcxkgirzdb","XY5-Bt: Tidal Storm","XY5-Bt","23922","no_unique_tcgdex_ja_code_or_name_match","",""
